ID,行政區,公園名稱,無障礙出入口名稱,TW97座標X,TW97座標Y,人行道寬度,坡度
1,萬華區,青年公園,1號出入口,301105.53,2768259.85,1.8,8
2,萬華區,青年公園,2號出入口,301159.52,2768691.35,19.6,3
3,萬華區,青年公園,3號出入口,300742.59,2768400.4,15.2,0
4,萬華區,青年公園,4號出入口,300816.7,2768152.96,12.5,3
5,萬華區,和平青草園,1號出入口,300167.62,2769519.08,2.2,5
6,萬華區,和平青草園,2號出入口,300164.55,2769432.8,1.8,7
7,萬華區,艋舺公園,1號出入口,300398.4,2769794.08,11.2,6
8,萬華區,艋舺公園,2號出入口,300401.56,2769925.99,9,2
9,萬華區,日善公園,1號出入口,300101.61,2768763.82,3.45,6
10,萬華區,日善公園,2號出入口,300081.84,2768802.52,2.94,8
11,萬華區,日善公園,3號出入口,300130.75,2768825.85,2.3,7
12,萬華區,壽德公園,1號出入口,300569.83,2768595.7,2.1,8
13,萬華區,桂林公園,1號出入口,300139,2770198.92,11.6,4
14,萬華區,華西公園,1號出入口,300305.75,2770144.9,4.3,3
15,萬華區,華西公園,2號出入口,300360.16,2770143.35,2.2,5
16,萬華區,青山公園,1號出入口,300295.58,2770249.2,1.8,7
17,萬華區,西園公園,1號出入口,300232.24,2768864.28,2,6
18,萬華區,西園公園,2號出入口,300272.38,2768833.33,1.6,1
19,萬華區,西園公園,3號出入口,300271.62,2768818.12,1.6,7
20,萬華區,長沙公園,1號出入口,300465.34,2770502.06,3.2,3
21,萬華區,長沙公園,2號出入口,300464.76,2770476.22,1.9,6
22,萬華區,長沙公園,3號出入口,300446.34,2770479.38,2,1
23,萬華區,福星公園,1號出入口,301033.4,2770969.93,0.9,5
24,萬華區,福星公園,2號出入口,301043.54,2771009.53,3.2,2
25,萬華區,福星公園,3號出入口,301061.18,2770963.52,3.3,4
26,萬華區,寺前公園,1號出入口,300387.6,2769587.43,1.5,1
27,萬華區,老松公園,1號出入口,300735.2,2770118.52,2,1
28,萬華區,老松公園,2號出入口,300757.36,2770162.75,2,4
29,萬華區,老松公園,3號出入口,300728.55,2770119.83,2.6,6
30,萬華區,柳鄉公園,1號出入口,299999.79,2769978.43,2.2,7
31,萬華區,華江一號公園,1號出入口,299787.6,2769835.97,1.8,4
32,萬華區,華江二號公園,1號出入口,299854.45,2769838.37,1.4,6
33,萬華區,華江二號公園,2號出入口,299859.04,2769840.67,1.9,4
34,萬華區,大理公園,1號出入口,299816.65,2769662.95,3,0
35,萬華區,大理公園,2號出入口,299793.66,2769653.83,1.5,1
36,萬華區,糖?公園,1號出入口,299910.8,2769704,3.6,7
37,萬華區,糖?公園,2號出入口,299915.64,2769675.62,1.6,3
38,萬華區,聚德公園,1號出入口,299906.64,2769729.16,13,6
39,萬華區,聚德公園,2號出入口,299926.64,2769738.11,2.7,1
40,萬華區,糖?文化園區公園,1號出入口,299937.88,2769619.38,3.9,8
41,萬華區,糖?文化園區公園,2號出入口,299917.05,2769616.34,5.9,8
42,萬華區,糖?文化園區公園,3號出入口,299875.66,2769608.92,7.9,1
43,萬華區,糖?文化園區公園,4號出入口,299858.04,2769543.18,5,4
44,萬華區,糖?文化園區公園,5號出入口,299950.53,2769528.3,2,5
45,萬華區,綠堤公園,1號出入口,299718.1,2769560.86,1.4,5
46,萬華區,綠堤公園,2號出入口,299765.56,2769536,0.9,4
47,萬華區,華江八號公園,1號出入口,299737.61,2769630.25,1.5,2
48,萬華區,華江八號公園,2號出入口,299696.63,2769658.37,1.5,3
49,萬華區,華江八號公園,3號出入口,299729.69,2769648.26,2.1,1
50,萬華區,長順公園,1號出入口,299369.63,2769392.32,1.8,5
51,萬華區,東園公園,1號出入口,299979.02,2768202,1.9,6
52,萬華區,東園公園,2號出入口,299976.52,2768182.6,2.2,4
53,萬華區,東園公園,3號出入口,299993.28,2768189.13,2.1,7
54,萬華區,保德公園,1號出入口,300186.53,2768409.48,1,1
55,萬華區,孝德公園,1號出入口,299886.84,2768535.02,1.5,8
56,萬華區,孝德公園,2號出入口,299856.55,2768527.51,1.5,5
57,萬華區,錦德公園,1號出入口,299725.24,2768460.55,1.6,4
58,萬華區,錦德公園,2號出入口,299668.66,2768424,2.25,4
59,萬華區,錦德公園,3號出入口,299715.7,2768479.36,1.4,4
60,中正區,二二八和平公園,1號出入口,301969.03,2770672.32,13.2,2
61,中正區,二二八和平公園,2號出入口,301883.5,2770673.07,2.7,2
62,中正區,二二八和平公園,3號出入口,302113.85,2770666.14,7.8,5
63,中正區,二二八和平公園,4號出入口,301875.67,2770496.32,2,5
64,中正區,中央藝文公園,1號出入口,303083.85,2771094.38,11.5,6
65,中正區,介壽公園,1號出入口,301867.2,2770258.87,0.9,6
66,中正區,介壽公園,2號出入口,301848.3,2770174,2.9,4
67,中正區,介壽公園,3號出入口,301984.77,2770160.52,6.2,3
68,中正區,逸仙公園,1號出入口,302489.31,2771145.44,7.5,2
69,中正區,中正防災(400號)公園,1號出入口,303243.74,2767392.52,1.6,6
70,中正區,齊東公園,1號出入口,303307.7,2770519.46,2.7,2
71,中正區,齊東公園,2號出入口,303306.98,2770496.58,1.8,6
72,中正區,忠孝公園,1號出入口,303661.91,2770505.77,4.7,4
73,中正區,忠孝公園,2號出入口,303699.26,2770506.05,1.7,7
74,中正區,文光公園,1號出入口,303591.16,2770193.34,1.1,8
75,中正區,連雲公園,1號出入口,303646.77,2769792.62,1.5,2
76,中正區,南昌公園,1號出入口,302556.95,2768860.74,3.1,2
77,中正區,南昌公園,2號出入口,302495.56,2768916.36,2.1,2
78,中正區,文盛公園,1號出入口,303711.27,2767693.22,2.2,8
79,中正區,螢橋公園,1號出入口,302197.66,2768820.23,1.2,4
80,中正區,永昌公園,1號出入口,301481.16,2768763.74,1.4,4
81,中正區,牯嶺公園,1號出入口,302361.87,2768473.97,0.9,7
82,中正區,牯嶺公園,2號出入口,302353.25,2768463.7,1.2,6
83,大安區,大安森林公園,1號出入口,303979,2769578,4.7,1
84,大安區,大安森林公園,2號出入口,303979,2769578,4.6,2
85,大安區,大安森林公園,3號出入口,304239,2769378,4.6,1
86,大安區,大安森林公園,4號出入口,304233,2769201,4.6,1
87,大安區,大安森林公園,5號出入口,304232,2768952,4.6,1
88,大安區,大安森林公園,6號出入口,304228,2768744,4.6,2
89,大安區,大安森林公園,7號出入口,304122,2768768,4.6,1
90,大安區,大安森林公園,8號出入口,304005,2768783,4.4,2
91,大安區,大安森林公園,9號出入口,303948,2769079,4.6,1
92,大安區,大安森林公園,10號出入口,303864,2769316,4.5,2
93,大安區,大安森林公園,11號出入口,303783,2769586,4.6,1
94,大安區,?公圳公園,1號出入口,304852,2770669,1.3,5
95,大安區,?公圳公園,2號出入口,304718,2770759,3.4,6
96,大安區,?公圳公園,3號出入口,304652,2770771,1.2,2
97,大安區,?公圳公園,4號出入口,304590,2770757,1.3,8
98,大安區,?公圳公園,5號出入口,304556,2770775,1,1
99,大安區,?公圳公園,6號出入口,304461,2770754,1.5,2
100,大安區,?公圳公園,7號出入口,304262,2770756,2.2,3
101,大安區,黎和生態公園,1號出入口,306551,2767548,1.4,3
102,大安區,敦仁公園,1號出入口,305161,2770378,4.4,6
103,大安區,敦仁公園,2號出入口,305163,2770346,4.4,6
104,大安區,德安公園,1號出入口,305308,2769773,1.3,7
105,大安區,德安公園,2號出入口,305257,2769772,3.7,5
106,大安區,德安公園,4號出入口,305275,2769738,1.4,3
107,大安區,仁慈公園,2號出入口,305275,2769738,2.5,6
108,大安區,仁慈公園,3號出入口,305087,2769656,1.8,7
109,大安區,仁慈公園,4號出入口,305052,2769656,3.9,3
110,大安區,龍生公園,1號出入口,304623,2768785,3.5,6
111,大安區,龍生公園,2號出入口,304642,2768783,3.2,5
112,大安區,瑞安公園,1號出入口,304425,2768785,2,5
113,大安區,瑞安公園,2號出入口,304417,2768772,3.3,7
114,大安區,龍陣二號公園,1號出入口,304751,2769157,1.1,4
115,大安區,龍陣二號公園,2號出入口,304765,2769141,1.8,5
116,大安區,龍陣二號公園,3號出入口,304770,2769107,1.1,4
117,大安區,龍陣一號公園,1號出入口,304772,2768965,1.4,4
118,大安區,龍陣一號公園,2號出入口,304771,2768924,2.5,2
119,大安區,新龍公園,1號出入口,304476,2768968,2.4,4
120,大安區,新龍公園,3號出入口,304547,2768932,1.6,7
121,大安區,安東公園,1號出入口,304961,2769114,1.2,3
122,大安區,安東公園,2號出入口,304960,2769085,1.2,6
123,大安區,安東公園,3號出入口,305006,2769116,1.8,6
124,大安區,龍圖公園,2號出入口,304678,2769243,3.8,7
125,大安區,和安公園,1號出入口,304935,2769734,1.7,6
126,大安區,和安公園,2號出入口,304952,2769733,1.9,5
127,大安區,和安公園,4號出入口,304951,2769692,1.7,6
128,大安區,和安公園,5號出入口,304969,2769691,1.9,5
129,大安區,東豐公園,1號出入口,304970,2769834,1.3,2
130,大安區,大安公園,1號出入口,304745,2770659,4,5
131,大安區,大安公園,3號出入口,304782,2770591,3,6
132,大安區,附中公園,1號出入口,304694,2769889,3.5,6
133,大安區,安祥公園,1號出入口,304763,2769732,2.2,1
134,大安區,安祥公園,3號出入口,304752,2769697,1.6,2
135,大安區,安祥公園,4號出入口,304791,2769696,1.6,3
136,大安區,民榮公園,1號出入口,304081,2769835,2.2,8
137,大安區,民榮公園,2號出入口,304080,2769797,2.6,6
138,大安區,民榮公園,3號出入口,303978,2769775,2.1,6
139,大安區,民榮公園,4號出入口,304008,2769762,2.2,6
140,大安區,寧馨公園,1號出入口,303871,2770818,1.3,5
141,大安區,寧馨公園,2號出入口,303952,2770767,1,4
142,大安區,寧馨公園,3號出入口,304008,2770747,1.3,2
143,大安區,誠安公園,3號出入口,304565,2770610,1.9,5
144,大安區,錦安公園,2號出入口,303276,2769006,1.5,8
145,大安區,師大公園,1號出入口,303280,2768966,1.2,3
146,大安區,師大公園,2號出入口,303334,2768537,1.2,2
147,大安區,師大公園,3號出入口,303332,2768501,1.1,3
148,大安區,師大公園,4號出入口,303330,2768494,1.2,2
149,大安區,師大公園,5號出入口,303328,2768464,1.2,3
150,大安區,泰順公園,1號出入口,303667,2768628,3.8,5
151,大安區,泰順公園,2號出入口,303638,2768630,3.2,5
152,大安區,辛亥一號公園,2號出入口,303744,2768378,4.5,1
153,大安區,永康公園,1號出入口,303457,2769446,1.2,1
154,大安區,永康公園,2號出入口,303447,2769385,1.4,3
155,大安區,永康公園,3號出入口,303452,2769355,2.2,3
156,大安區,金山公園,1號出入口,303040,2769279,2.7,2
157,大安區,和平公園,1號出入口,304733,2768509,1.3,8
158,大安區,和平公園,2號出入口,304728,2768477,3.2,7
159,大安區,公館公園,1號出入口,304589,2767148,3.2,3
160,大安區,公館公園,2號出入口,304532,2767146,1.2,2
161,大安區,大學公園,1號出入口,303784,2768330,1.2,6
162,大安區,大學公園,2號出入口,303803,2768310,4,1
163,大安區,敦親公園,1號出入口,304604,2768442,1.8,8
164,大安區,敦親公園,2號出入口,304584,2768416,1.9,8
165,大安區,龍門公園,1號出入口,304168,2768597,1.4,8
166,大安區,龍門公園,2號出入口,304149,2768598,1.4,5
167,大安區,溫州公園,1號出入口,303652,2767975,1.1,5
168,大安區,溫州公園,2號出入口,303650,2767934,1.1,5
169,大安區,法治公園,2號出入口,305798,2768854,1.2,5
170,大安區,全安公園,1號出入口,305649,2768733,1.9,8
171,大安區,全安公園,3號出入口,305594,2768701,1.2,7
172,大安區,通化公園,1號出入口,305940,2769482,4,4
173,大安區,通化公園,2號出入口,305980,2769441,3,5
174,大安區,居安公園,1號出入口,305414,2769201,2.4,1
175,大安區,居安公園,2號出入口,305417,2769159,5.1,2
176,大安區,敦安公園,2號出入口,305849,2769728,2.5,3
177,大安區,光信公園,1號出入口,306077,2769874,2.1,7
178,大安區,光信公園,2號出入口,306086,2769872,2.2,7
179,大安區,黎孝公園,1號出入口,306101,2768093,3.2,8
180,大安區,青峰公園,1號出入口,305662,2767607,1.7,0
181,大安區,臥龍公園,1號出入口,305432,2767786,2.1,1
182,大安區,臥龍公園,2號出入口,305556,2767686,2.3,5
183,大安區,臥龍公園,3號出入口,305562,2767719,3,3
184,大安區,嘉興公園,1號出入口,305737,2768295,3,3
185,大安區,嘉興公園,2號出入口,305683,2768296,1.7,4
186,大安區,嘉興公園,3號出入口,305671,2768246,3,3
187,大安區,虎嘯公園,1號出入口,305408,2768410,1.2,3
188,大安區,虎嘯公園,2號出入口,305406,2768375,2,3
189,大安區,虎嘯公園,3號出入口,305406,2768375,1.5,6
190,大安區,群賢公園,1號出入口,305175,2768717,1.1,4
191,大安區,群賢公園,3號出入口,305150,2768687,1,4
192,大安區,?公公園,1號出入口,305050,2770608,4,2
193,大安區,?公公園,2號出入口,305080,2770559,5,3
194,大安區,?公公園,3號出入口,305107,2770556,3.5,1
195,大安區,?公公園,4號出入口,305100,2770608,1.8,5
196,大安區,延吉公園,1號出入口,305100,2770608,2.4,7
197,大安區,金杭公園,1號出入口,303171,2769511,1.4,7
198,大安區,金杭公園,2號出入口,303020,2769541,1.4,6
199,大安區,金杭公園,3號出入口,302916,2769556,4,2
200,中山區,花博公園圓山園區,1號出入口,302783.32,2773722.33,3,7
201,中山區,花博公園圓山園區,2號出入口,302561.54,2773730.09,3.8,5
202,中山區,花博公園圓山園區,3號出入口,302501.09,2773826.87,5.5,2
203,中山區,花博公園圓山園區,4號出入口,302826.62,2773897.02,10,2
204,中山區,花博公園美術園區,1號出入口,302886.16,2773475.28,2.5,5
205,中山區,花博公園美術園區,2號出入口,302818.7,2773497.63,1.6,5
206,中山區,花博公園美術園區,3號出入口,302789.62,2773528.73,4.5,6
207,中山區,花博公園美術園區,4號出入口,302808.56,2773600.12,4.5,5
208,中山區,花博公園美術園區,5號出入口,302840.21,2773740.99,6,7
209,中山區,花博公園美術園區,6號出入口,302855.93,2773804.2,6,8
210,中山區,花博公園美術園區,7號出入口,303012.4,2773787.13,1.6,3
211,中山區,花博公園新生園區,1號出入口,323503.41,2773465.66,2.5,2
212,中山區,花博公園新生園區,2號出入口,303296.34,2773480.73,5.5,6
213,中山區,花博公園新生園區,3號出入口,303294.1,2773707.85,10,6
214,中山區,花博公園新生園區,4號出入口,303502.93,2773793.7,2.8,6
215,中山區,林森公園,1號出入口,303139.1,2771676.04,1.5,1
217,中山區,林森公園,3號出入口,303027.01,2771689.07,1.4,1
218,中山區,林森公園,4號出入口,303027.34,2771743.7,1.2,2
219,中山區,林森公園,5號出入口,303028.45,2771805.61,1.2,2
220,中山區,林森公園,6號出入口,303193.45,2771828.06,1.5,5
221,中山區,林森公園,7號出入口,303201.15,2771797.94,4.5,5
222,中山區,康樂公園,1號出入口,302998.08,2771807.05,1.2,5
223,中山區,康樂公園,2號出入口,302997.29,2771766.94,1.2,1
224,中山區,康樂公園,3號出入口,303006.54,2771718.53,1.2,1
225,中山區,康樂公園,4號出入口,302966.37,2771678.54,7,1
226,中山區,康樂公園,5號出入口,302931.02,2771722.28,3,1
227,中山區,康樂公園,7號出入口,302935.19,2771832.37,2.5,1
228,中山區,華山公園,1號出入口,303254.3,2771132.74,3.5,5
229,中山區,華山公園,2號出入口,303091.19,2771177.05,5,5
230,中山區,華山公園,3號出入口,303089.38,2771150.32,2,5
231,中山區,華山公園,4號出入口,303080.89,2771182.4,2.6,3
232,中山區,華山公園,5號出入口,303072.85,2771160.83,2.6,7
233,中山區,華山公園,7號出入口,303051.84,2771205.97,2.6,5
234,中山區,華山公園,8號出入口,303007.45,2771204.72,2.6,5
235,中山區,華山公園,12號出入口,302839,2771232.6,2.6,3
236,中山區,華山公園,13號出入口,302832.08,2771202.7,2.6,5
237,中山區,華山公園,14號出入口,302827.97,2771216.41,2.6,0
238,中山區,華山公園,15號出入口,302820.72,277120.65,2.6,3
239,中山區,華山公園,16號出入口,302740.33,2771225.76,3,7
240,中山區,華山公園,17號出入口,302711.01,2771227.8,2.6,3
241,中山區,華山公園,18號出入口,302704.58,2771209.74,2.6,5
242,中山區,華山公園,19號出入口,302633.27,2771243.11,2.6,3
243,中山區,華山公園,20號出入口,302629.05,2771215.91,2.6,5
244,中山區,榮星花園公園,1號出入口,304553.78,2772832.07,2.6,7
245,中山區,榮星花園公園,2號出入口,304512.31,2772833.63,3.6,0
246,中山區,榮星花園公園,3號出入口,304488,2772823.57,1.1,0
247,中山區,榮星花園公園,4號出入口,304364.48,2772819.18,1.1,0
248,中山區,榮星花園公園,5號出入口,304317.53,2772818.99,1.1,0
249,中山區,榮星花園公園,9號出入口,304451.72,2772997.96,4,7
250,中山區,榮星花園公園,10號出入口,304559.7,2772996.37,6,6
251,中山區,榮星花園公園,11號出入口,304561.67,2772943.49,1.1,1
252,中山區,榮星花園公園,12號出入口,304560.45,2772877.01,1.1,1
253,中山區,上塔悠公園,1號出入口,305707.95,2774475.56,5.1,5
254,中山區,上塔悠公園,2號出入口,306068.05,2774485.38,4.1,7
255,中山區,下塔悠公園,1號出入口,306131.38,2774482.68,5,7
256,中山區,下塔悠公園,2號出入口,306146.53,2774451.39,5,3
257,中山區,金泰公園,1號出入口,306826.43,2774372.4,5,7
258,中山區,金泰公園,2號出入口,307226.11,2774497.32,2.4,7
259,中山區,823砲戰紀念公園,1號出入口,303151.57,2774375.4,4.5,3
260,中山區,823砲戰紀念公園,2號出入口,303121.91,2774385.1,3,2
261,中山區,823砲戰紀念公園,3號出入口,303188.04,2774391.82,3.1,5
262,中山區,培英公園,2號出入口,304985.86,2774939.68,1.8,3
263,中山區,培英公園,3號出入口,304997.27,2775063.51,2.5,7
264,中山區,培英公園,4號出入口,304954.53,2775060.65,2.8,4
265,中山區,大直公園,2號出入口,305196.52,2775070.5,1.9,2
266,中山區,大直公園,3號出入口,305218.7,2775071.13,1.2,2
267,中山區,永安公園,1號出入口,304987.91,2774666.03,1.8,1
268,中山區,永安公園,3號出入口,304987.52,2774629.97,1.7,1
269,中山區,直安公園,2號出入口,305266.44,2774874.89,1.3,3
270,中山區,力行三號公園,1號出入口,304161.81,2775319.83,2.7,1
271,中山區,力行三號公園,2號出入口,304234.81,2775331.96,2.8,1
272,中山區,永直公園,1號出入口,305520.36,2774945.48,2.5,1
273,中山區,永直公園,2號出入口,305552.93,2774921.13,3.3,3
274,中山區,永直公園,4號出入口,35521.18,2774876.33,2.2,2
275,中山區,中427公園,1號出入口,306094.96,2774839.12,2,4
276,中山區,中427公園,2號出入口,306095.25,2774769.16,2,4
277,中山區,中427公園,3號出入口,306066.56,2774770.12,2,5
278,中山區,中428公園,1號出入口,305826.84,2774603.11,1.8,4
279,中山區,中428公園,2號出入口,305848.96,2774552.34,1.4,4
280,中山區,中428公園,3號出入口,305828.66,2774553.06,1.3,4
281,中山區,中429公園,1號出入口,306028.16,2774608.78,2.1,4
282,中山區,中429公園,2號出入口,306021.17,2774578.09,1.9,2
283,中山區,中429公園,3號出入口,306107.7,2774602.11,2,4
284,中山區,中430公園,1號出入口,306679.34,2774544.93,2.5,4
285,中山區,中430公園,2號出入口,306703.42,2774544.77,1.9,4
286,中山區,中430公園,3號出入口,306732.91,274544.62,2,4
287,中山區,中430公園,4號出入口,306732.44,274592.52,1.9,4
288,中山區,中430公園,5號出入口,306680.49,274592.57,1.9,4
289,中山區,中431公園,1號出入口,307015.2,2774495.48,1.8,4
290,中山區,中431公園,2號出入口,307029.56,2774491.5,1.3,4
291,中山區,中431公園,3號出入口,307075.63,2774474.74,1.8,4
292,中山區,中431公園,4號出入口,307037.01,2774456.55,1.8,4
293,中山區,下埤公園,1號出入口,304690.08,2773344.58,1.5,2
294,中山區,下埤公園,2號出入口,304688.93,2773292.63,3,2
295,中山區,下埤公園,3號出入口,304759.3,2773291.3,2.4,2
296,中山區,朱崙公園,1號出入口,304626.81,2771371.27,1.1,1
297,中山區,朱崙公園,2號出入口,304625.24,2771356.73,1.2,0
298,中山區,龍江公園,1號出入口,304688.67,2772548.76,1.2,6
299,中山區,龍江公園,2號出入口,304712.75,2772550.48,1.8,7
300,中山區,龍江公園,3號出入口,304687.33,2772478.52,1.1,8
301,中山區,龍江公園,4號出入口,304714.39,2772478.35,1.1,5
302,中山區,江寧公園,1號出入口,304411.27,2772687.2,1.4,5
303,中山區,江寧公園,2號出入口,304410.85,2772655.98,1.4,2
304,中山區,合江公園,1號出入口,304412.72,2772391.29,2,7
305,中山區,興安公園,1號出入口,304635.3,2772090.48,1.5,6
306,中山區,興安公園,2號出入口,304692.68,2772087.21,1.8,5
307,中山區,興安公園,3號出入口,304691.57,2772026.92,1.4,4
308,中山區,興安公園,4號出入口,304663.11,2772028.03,1.1,4
309,中山區,復華公園,1號出入口,304485.73,2771796.78,3.5,4
310,中山區,復華公園,2號出入口,304454.81,2771743.63,2.3,4
311,中山區,復華公園,3號出入口,304441.73,2771766.19,2.3,5
312,中山區,朱昌公園,1號出入口,304347.73,2772061.2,3.2,4
313,中山區,朱昌公園,2號出入口,304386.7,2772060.82,3.2,4
314,中山區,朱昌公園,3號出入口,304345.16,2772026.74,2.4,4
315,中山區,朱昌公園,4號出入口,304345.27,2771999.83,2.6,7
316,中山區,朱昌公園,5號出入口,304387.4,2772022.34,1.4,4
317,中山區,朱昌公園,6號出入口,304385.32,2771999.72,1.4,4
318,中山區,遼寧公園,1號出入口,304727.73,2771851.04,1.4,4
319,中山區,遼寧公園,2號出入口,304738.42,2771817.44,1.4,4
320,中山區,遼寧公園,3號出入口,304711.13,2771806.29,3.2,4
321,中山區,興國公園,1號出入口,304669.78,2771791.59,3.2,5
322,中山區,興國公園,2號出入口,304687.92,2771790.32,3.2,4
323,中山區,興國公園,3號出入口,304686.5,2771739.98,3.2,4
324,中山區,興國公園,4號出入口,304669.17,2771740.18,3.2,4
325,中山區,建興公園,1號出入口,304290.97,2771123.52,2.1,4
326,中山區,建興公園,2號出入口,304295.37,2771107.66,2.7,4
327,中山區,建興公園,3號出入口,304312.55,2771109.61,2.2,4
328,中山區,朱厝崙公園,1號出入口,304579.43,2771171.1,2.2,4
329,中山區,朱厝崙公園,2號出入口,304579.02,2771138.8,2.1,4
330,中山區,朱厝崙公園,3號出入口,304614.18,2771145.13,1.9,4
331,中山區,朱厝崙公園,4號出入口,304606.51,2771168.25,2,4
332,中山區,永盛公園,1號出入口,302925.92,2772447.54,0.9,7
333,中山區,永盛公園,2號出入口,302966.44,2772396.97,1.3,1
334,中山區,中安公園,1號出入口,302838.42,2772155.91,3.2,5
335,中山區,中安公園,2號出入口,302838.81,2772123.88,3.2,5
336,中山區,德惠公園,1號出入口,303645.87,2773378.61,1.6,4
337,中山區,德惠公園,2號出入口,303645.05,2773346.32,1.6,4
338,中山區,新喜公園,1號出入口,303657.6,2773148.25,1.5,7
339,中山區,新喜公園,2號出入口,303655.23,2773130.08,1.1,5
340,中山區,農安公園,1號出入口,303988.36,2773150.7,1.5,8
341,中山區,新壽公園,2號出入口,303491.73,2772882.37,3,3
342,中山區,錦北公園,1號出入口,304061.68,2772573.05,1.5,5
343,中山區,錦北公園,2號出入口,304077.88,2772581.45,2.3,6
344,中山區,錦北公園,3號出入口,304077.83,2772593.11,4,2
345,中山區,松錦1號公園,2號出入口,303704.9,2772522.43,2.1,7
346,中山區,松錦2號公園,1號出入口,303695.46,2772514.05,2.6,6
347,中山區,錦州公園,1號出入口,303373.52,2772578.45,5,2
348,中山區,錦州公園,2號出入口,303429.24,2772576.71,3.3,2
349,中山區,中原公園,1號出入口,303350.95,2772087.05,2.8,4
350,中山區,中原公園,2號出入口,303352.29,2772054.75,4.2,5
351,中山區,中吉公園,1號出入口,303637.5,2772098.53,6,5
352,中山區,中吉公園,2號出入口,303643.96,2772143.5,2.2,6
353,中山區,中吉公園,3號出入口,303653.46,2772168.84,2.6,5
354,中山區,中吉公園,4號出入口,303677.29,2772097.34,2.8,5
355,中山區,中吉公園,5號出入口,303680.24,2772137.32,3.3,6
356,中山區,一江公園,1號出入口,303618.84,2771751.93,8,3
357,中山區,一江公園,2號出入口,303620.73,2771785.85,4.2,2
358,中山區,一江公園,3號出入口,303620.74,2771819.63,7.4,7
359,中山區,一江公園,4號出入口,303588.52,2771786.53,3,3
360,中山區,一江公園,5號出入口,303588.66,2771751.68,4.4,3
361,中山區,仁德公園,1號出入口,303361.61,2771753.87,3.5,7
362,中山區,仁德公園,4號出入口,303404.37,2771754.17,2.9,7
363,中山區,吉林公園,2號出入口,303359.23,2771532.22,2.8,3
364,中山區,興亞公園,1號出入口,303631.81,2771149.06,5.8,3
365,中山區,興亞公園,2號出入口,303630.34,2771111.51,4.6,3
366,中山區,松江公園,1號出入口,303758.17,2771466.9,1,5
367,中山區,松江公園,3號出入口,303693.27,2771453.99,8.5,7
368,中山區,伊通公園,1號出入口,303957.86,2771485.29,4.1,3
369,中山區,伊通公園,2號出入口,303956.04,2771399.16,4,3
370,中山區,伊通公園,3號出入口,303935.28,2771445.91,4.2,3
371,中山區,伊通公園,4號出入口,303934.77,2771438.37,4.2,3
372,中山區,伊通公園,5號出入口,303978.59,2771445.54,4.2,3
373,中山區,伊通公園,6號出入口,303978.62,2771438.54,4.3,4
374,中山區,四平公園,1號出入口,303913.93,2771780.92,4.3,4
375,中山區,四平公園,2號出入口,303947.81,2771768.4,4.2,4
376,中山區,四平公園,3號出入口,303947.88,2771750.91,4.2,4
377,中山區,撫順公園,2號出入口,302671.23,2773054.89,1.6,7
378,中山區,民享公園,1號出入口,302581.44,2772424.45,1.1,3
379,中山區,民享公園,2號出入口,302578.04,2772463.46,3.4,6
380,中山區,正守公園,1號出入口,303367.52,2771203.6,1.6,4
381,中山區,正守公園,2號出入口,303344.87,2771180.36,1.4,4
382,中山區,新興公園,2號出入口,302937.6,2772710.25,4,2
383,中山區,新興公園,4號出入口,302907.93,2772685.24,1,2
384,中山區,進安公園,1號出入口,304210.18,2770987.94,2,6
385,中山區,進安公園,3號出入口,304260.51,2770958.13,1.8,6
386,中山區,進安公園,4號出入口,304249.26,2770994.96,3,6
387,中山區,大佳社區公園,1號出入口,304197.52,2773941.42,3.2,7
388,中山區,大佳社區公園,2號出入口,304283.44,2773938.94,1.3,3
389,中山區,晴光公園,1號出入口,302898.53,2772977.31,6.9,3
390,中山區,晴光公園,3號出入口,302898.26,2772943.93,5.2,7
391,中山區,晴光公園,4號出入口,302911.38,2772943.31,5.7,3
392,松山區,舊宗2號公園,1號出入口,307503.49,2772001.22,3,2
393,松山區,精忠2號公園,1號出入口,305729.66,2772175.09,3,3
394,松山區,精忠2號公園,2號出入口,305726.59,2772164.58,4,5
395,松山區,精忠2號公園,3號出入口,305784.22,2772135.35,3,3
396,松山區,三民公園,1號出入口,307067.41,2772617.56,2,5
397,松山區,三民公園,2號出入口,307095.02,2772649.16,2,5
398,松山區,三民公園,3號出入口,307202.15,2772754.17,4.5,5
399,松山區,三民公園,4號出入口,307273.01,2772764.96,1.3,2
400,松山區,三民公園,5號出入口,307289.86,2772747.4,3.2,3
401,松山區,富民生態公園,1號出入口,306844.4,2772556.88,3.9,0
402,松山區,富民生態公園,2號出入口,306847.46,2772537.51,3,5
403,松山區,富民生態公園,3號出入口,306924.56,2772544.02,3.1,7
404,松山區,富民生態公園,4號出入口,307051.48,2772609.15,2.2,2
405,松山區,民生公園,1號出入口,306279.05,2772359.32,1.5,0
406,松山區,民生公園,2號出入口,3066305.29,2772362.92,1.8,7
407,松山區,民生公園,3號出入口,306211.72,2772280.72,4.2,7
408,松山區,民生公園,4號出入口,306214.58,2772243.05,1.3,7
409,松山區,民生公園,5號出入口,306218.2,2772217.77,1.8,7
410,松山區,民生公園,6號出入口,306287.19,2772288.84,2.1,5
411,松山區,民生公園,7號出入口,306293.14,2772224.8,1.3,3
412,松山區,民生公園,8號出入口,306313.98,2772290.29,1.5,7
413,松山區,民生公園,9號出入口,306325.06,2772227.9,1.3,3
414,松山區,民生公園,10號出入口,306399.74,2772296.84,2.5,5
415,松山區,民生公園,11號出入口,306404.87,2772233.88,1.9,7
416,松山區,民生公園,12號出入口,306295.88,2772215.13,1.3,3
417,松山區,民生公園,13號出入口,306309.68,2772152.2,3.8,3
418,松山區,民權公園,1號出入口,306224.68,2772746.92,4,7
419,松山區,民權公園,2號出入口,306359.1,2772767.65,1.7,2
420,松山區,民權公園,4號出入口,306309.95,2772676.22,3.9,7
421,松山區,松基公園,1號出入口,304969.36,2771989.02,2,7
422,松山區,松基公園,2號出入口,304969,2771943,1.5,0
423,松山區,松基公園,3號出入口,305125.48,2772063.63,3,0
424,松山區,富錦1號公園,1號出入口,306423.63,2772392.91,4,1
425,松山區,富錦1號公園,2號出入口,306388.6,2772389.94,4.4,1
426,松山區,富錦3號公園,1號出入口,306389.07,2772602.69,3.4,6
427,松山區,富錦3號公園,2號出入口,306393.94,2772538.12,2.1,5
428,松山區,富錦6號公園,2號出入口,305810.87,2772337.05,1.8,3
429,松山區,延壽1號公園,1號出入口,306130.05,2772312.3,2,0
430,松山區,延壽1號公園,2號出入口,306136.27,2772247.74,1.2,5
431,松山區,延壽2號公園,1號出入口,305784.64,2772269.17,2.3,2
432,松山區,延壽2號公園,2號出入口,305788.3,2772234.2,3,8
433,松山區,延壽3號公園,1號出入口,305659.57,2772211.87,1.7,1
434,松山區,延壽3號公園,2號出入口,305663.25,2772173.67,2.1,7
435,松山區,民有1號公園,2號出入口,305230.88,2772602.54,2.1,7
436,松山區,民有2號公園,1號出入口,305108.63,2772517.81,1.5,6
437,松山區,民有2號公園,2號出入口,305142.56,2772492.38,2.1,3
438,松山區,民有2號公園,3號出入口,305110.13,2772481.48,1.8,2
439,松山區,新中公園,1號出入口,306539.89,2772614.47,3.2,7
440,松山區,新中公園,2號出入口,306634.32,2772620.38,2,8
441,松山區,新中公園,3號出入口,306542.86,2772583.94,2.8,6
442,松山區,精忠公園,1號出入口,305694.47,2772473.95,1.4,2
443,松山區,敦北公園,1號出入口,305708.16,2772700.08,4.8,3
444,松山區,敦北公園,2號出入口,305595.09,2772687.24,2.6,3
445,松山區,敦北公園,3號出入口,305577.93,2772649.49,6.1,2
446,松山區,敦北公園,4號出入口,305616.7,2772565.68,3.4,3
447,松山區,中華公園,1號出入口,305777.78,2771839.88,1.2,7
448,松山區,中華公園,2號出入口,305720.8,2771808.16,3.3,5
449,松山區,美仁1號公園,1號出入口,305833.98,2771419.74,1,7
450,松山區,美仁2號公園,2號出入口,305853.74,2771418.74,1,7
451,松山區,美仁2號公園,1號出入口,305834.04,2771405.74,1.3,7
452,松山區,美仁3號公園,2號出入口,305853.8,2771405.02,2.8,7
453,松山區,長壽公園,1號出入口,306419.3,2771848.83,1.3,2
454,松山區,長壽公園,2號出入口,306417.17,2771773.46,5.5,3
455,松山區,婦聯公園,1號出入口,306414.63,2771929.82,1.2,2
456,松山區,婦聯公園,2號出入口,306536.37,2771941.09,2.3,5
457,松山區,新東公園,1號出入口,307343.44,2772448.86,2.3,3
458,松山區,新東公園,2號出入口,307389.15,2772391.46,1,3
459,松山區,撫遠公園,1號出入口,307170.28,2773100.45,0.9,7
460,松山區,撫遠公園,2號出入口,307282.78,2773116.53,1.8,5
461,松山區,撫遠公園,3號出入口,307194.23,2772937.46,0.9,2
462,松山區,鵬程公園,1號出入口,307353.6,2772107.03,1.2,7
463,松山區,鵬程公園,2號出入口,307385.25,2772109.59,3.5,3
464,松山區,鵬程公園,3號出入口,307369.47,2771999.98,3.6,5
465,松山區,鵬程公園,4號出入口,307401.66,2772003.88,1.2,7
466,松山區,健康公園,2號出入口,307425.61,2771916.44,1.2,3
467,松山區,健康公園,3號出入口,307372.59,2771878.13,5,7
468,松山區,健康公園,4號出入口,307427.38,2771881.05,2.4,2
469,松山區,寶清公園,1號出入口,307303.83,2771695.38,2.2,2
470,松山區,寶清公園,2號出入口,307315.78,2771653.04,2.3,2
471,松山區,西松公園,1號出入口,306901.58,2771881.1,7.5,7
472,松山區,西松公園,2號出入口,306945.14,2771882.36,6.6,5
473,松山區,西松公園,3號出入口,306923.5,2771816.33,2,7
474,松山區,安平公園,1號出入口,306943.2,2771764.6,1,3
475,松山區,安平公園,2號出入口,306968.1,2771764.84,1.9,2
476,松山區,寧安公園,1號出入口,306002.99,2771574.66,2,2
477,松山區,寧安公園,2號出入口,305970.75,2771450.45,1.9,2
478,松山區,寧安公園,3號出入口,306000.8,2771449.23,4.1,3
479,松山區,復盛公園,1號出入口,306619.3,2771178.28,1.1,5
480,松山區,復盛公園,2號出入口,306634.34,2771076.06,3.4,7
481,松山區,慶城公園,1號出入口,305157.01,2771860.66,1,0
482,松山區,慶城公園,2號出入口,305103.15,2771792.28,1,5
483,松山區,慶城公園,3號出入口,305077.06,2771753.69,1.7,2
484,松山區,慶城公園,4號出入口,305158.79,2771753.75,1.5,0
485,松山區,敦中公園,1號出入口,305053.69,2771440.17,2,5
486,松山區,敦中公園,2號出入口,305107.28,2771440.38,1.5,3
487,松山區,敦中公園,3號出入口,305105.42,2771397.98,3,3
488,松山區,八德公園,1號出入口,305085.2,2771105.33,2.5,3
489,松山區,八德公園,2號出入口,305086.01,2771071.82,1,7
490,松山區,敦化公園,1號出入口,305564.63,2771052.68,3.2,5
491,松山區,敦化公園,2號出入口,305564.11,2771012.17,4.1,5
492,松山區,復源公園,1號出入口,305938.13,2771068.36,1.1,0
493,松山區,復源公園,2號出入口,305965.03,2771074.26,1.1,7
494,松山區,復源公園,3號出入口,305930.86,2771026.34,1.8,2
495,松山區,吉仁公園,1號出入口,305839.13,2771218.69,4.6,7
496,松山區,吉仁公園,2號出入口,305858.61,2771219.58,5,3
497,松山區,吉仁公園,3號出入口,305845.59,2771160.85,3,7
498,大同區,建成公園,1號出入口,302421.01,2771953.49,3.3,4
499,大同區,建成公園,2號出入口,302386.63,2771847.86,2,4
500,大同區,建成公園,3號出入口,302271.01,2771829.51,5.5,2
501,大同區,建成公園,4號出入口,302336.05,2771959.09,3,4
502,大同區,玉泉公園,2號出入口,301212.95,2771289.85,4.8,4
503,大同區,哈密公園,2號出入口,302018.74,2774176.4,1,8
504,大同區,至聖公園,1號出入口,302212.84,2773764.73,1.5,2
505,大同區,至聖公園,2號出入口,302236.98,2773748.28,3.5,2
506,大同區,大龍公園,2號出入口,302039.03,2773680.65,3.5,3
507,大同區,樹德公園,1號出入口,302060.29,2773320.79,3.6,2
508,大同區,樹德公園,2號出入口,302112.52,2773320.99,2.4,3
509,大同區,樹德公園,4號出入口,302114,2773286.55,2.8,8
510,大同區,德鄰公園,2號出入口,301949.43,2772764.63,1.5,6
511,大同區,蔣渭水公園,1號出入口,302084.53,2772501.26,3.6,1
512,大同區,蔣渭水公園,2號出入口,302190.23,2772528.84,1.8,2
513,大同區,蔣渭水公園,3號出入口,302094.65,2772473.58,3,1
514,大同區,蔣渭水公園,5號出入口,302194.94,2772500.33,3,2
515,大同區,迪化公園,1號出入口,301640.36,2773771.7,3,2
516,大同區,迪化公園,2號出入口,301675.68,2773769.82,1.3,8
517,大同區,迪化公園,3號出入口,301627.24,2773736,1.8,8
518,大同區,景化公園,1號出入口,301728.54,2773139.22,2,8
519,大同區,景化公園,2號出入口,301708.6,2773117.61,1.8,3
520,大同區,景化公園,3號出入口,301753.51,2773118.72,1.6,3
521,大同區,景化公園,4號出入口,301729.79,2773095.35,1.6,6
522,大同區,忠和公園,2號出入口,301337.68,2772300.6,1.6,5
523,大同區,朝陽公園,1號出入口,301716.92,2772076.79,5,2
524,大同區,朝陽公園,5號出入口,301839.26,2772072.27,3.3,6
525,大同區,塔城公園,2號出入口,301520.5,2771488.76,1.2,7
526,大同區,大稻埕公園,1號出入口,301467.01,2772040.8,1.2,5
527,大同區,大稻埕公園,4號出入口,301459.9,2772024.09,1.2,5
528,大同區,國順公園,1號出入口,301487.06,2773182.94,1.4,6
529,內湖區,大湖公園,2號出入口,310755.86,2775028.68,2.8,6
530,內湖區,大湖公園,3號出入口,310864.76,2775116.89,3.8,8
531,內湖區,大湖公園,4號出入口,311028.31,2775089.1,1,7
532,內湖區,大湖公園,5號出入口,310885.54,2774824.75,2.3,8
533,內湖區,西湖公園,2號出入口,307562.36,2775227.11,3.7,6
534,內湖區,大港墘公園,2號出入口,307791.9,2774478.42,9.6,4
535,內湖區,大港墘公園,3號出入口,307845.87,2774449.05,3,5
536,內湖區,文德３號公園,2號出入口,308361.52,2774550.27,1.2,7
537,內湖區,文德３號公園,3號出入口,308574.87,2774581.59,1.3,7
538,內湖區,文德３號公園,4號出入口,308597.33,2774581.15,3.7,7
539,內湖區,文德３號公園,6號出入口,308389.83,2774541.11,2.3,7
540,內湖區,文德３號公園,9號出入口,308368.34,2774442.52,1.8,4
541,內湖區,文德３號公園,10號出入口,308341.37,2774358.79,1.6,5
542,內湖區,文德３號公園,11號出入口,308235.64,2774213.83,1.7,7
543,內湖區,文德３號公園,12號出入口,308220.03,2774226.54,2.4,7
544,內湖區,文德３號公園,13號出入口,308275.49,2774259.88,15.8,1
545,內湖區,文德３號公園,14號出入口,308346.35,2774299.74,4.6,2
546,內湖區,湖畔公園,1號出入口,310667.93,2775690.77,1.5,0
547,內湖區,潭美公園,1號出入口,308699.13,2772213.07,2,8
548,內湖區,潭美公園,2號出入口,308836.66,2772294.94,1.9,4
549,內湖區,潭美公園,4號出入口,309088.79,2772446.52,1.6,7
550,內湖區,潭美公園,6號出入口,309182.73,2772501.29,1.9,7
551,內湖區,石潭公園,1號出入口,309667.47,2772644.29,1.5,7
552,內湖區,石潭公園,3號出入口,309733.6,2772807.01,2.4,1
553,內湖區,石潭公園,4號出入口,309815.02,2772784.49,1.1,2
554,內湖區,石潭公園,5號出入口,309864.74,2772849.47,1.4,2
555,內湖區,碧湖公園,1號出入口,308617.32,2775128.03,1.5,0
556,內湖區,碧湖公園,2號出入口,308790.47,2774755.82,3.6,0
557,內湖區,碧湖公園,3號出入口,309106.48,2774886.35,2.5,5
558,內湖區,碧湖公園,4號出入口,309066.32,2775036.86,2.5,5
559,內湖區,清白公園,1號出入口,310099.88,2774985.21,1.2,5
560,內湖區,清白公園,2號出入口,310080.72,2774912.2,1.2,5
561,內湖區,下灣公園,1號出入口,310087.59,2773134.03,1.6,3
562,內湖區,下灣公園,2號出入口,310085.55,2773105.76,1.3,2
563,內湖區,下灣公園,3號出入口,310005.71,2773168.93,2.8,3
564,內湖區,下灣公園,4號出入口,309892.67,2773214.18,1.5,4
565,內湖區,下灣公園,5號出入口,309802.12,2773251.19,1.5,2
566,內湖區,下灣公園,6號出入口,309774.2,2773262.64,1.6,3
567,內湖區,下灣公園,7號出入口,309691.51,2773295.92,1.3,0
568,內湖區,下灣公園,8號出入口,309645.76,2773300.56,1.5,6
569,內湖區,下灣公園,9號出入口,309597.3,2773304.66,1.5,6
570,內湖區,上灣公園,1號出入口,310585.84,2773243.88,5.3,5
571,內湖區,上灣公園,2號出入口,310552.78,2773255.31,3.1,4
572,內湖區,上灣公園,3號出入口,310304.31,2773205.23,1.5,5
573,內湖區,上灣公園,4號出入口,310296.48,2773200.89,1.6,8
574,內湖區,上灣公園,5號出入口,310225.56,2773143.25,1.5,2
575,內湖區,上灣公園,6號出入口,310098.16,2773130.58,1.5,3
576,內湖區,成功公園,1號出入口,310179.34,2775251.42,2.8,6
577,內湖區,成功公園,2號出入口,310234.76,2775078.91,5,5
578,內湖區,洲子１號公園,3號出入口,306922.74,2774661.74,3,0
579,內湖區,瑞光公園,1號出入口,308286.15,2773759.46,2.6,7
580,內湖區,瑞光公園,2號出入口,308322.91,2773707.14,2,2
581,內湖區,瑞光公園,3號出入口,308434.33,2773721.61,2,7
582,內湖區,樂活公園,1號出入口,312381.6,2773495.14,2.6,4
583,內湖區,樂活公園,2號出入口,312475.77,2773554.77,1.4,1
584,內湖區,樂活公園,3號出入口,312521.41,2773514.08,1.3,7
585,內湖區,明美公園,1號出入口,308893.13,2772418.73,3,4
586,內湖區,明美公園,2號出入口,309045.36,2772511.97,3.2,4
587,內湖區,明美公園,3號出入口,309162.72,2772657.81,1.2,5
588,內湖區,明美公園,4號出入口,309132.75,2772706.13,1.5,5
589,內湖區,明美公園,5號出入口,309103.81,2772764.67,1.5,6
590,內湖區,明美公園,6號出入口,309004.95,2772846.06,1.5,7
591,內湖區,明美公園,7號出入口,309028.07,2772881.69,1.4,5
592,內湖區,明美公園,8號出入口,309149.63,2772807.39,1.5,7
593,內湖區,明美公園,9號出入口,309297.55,2772644.94,1.5,4
594,內湖區,明美公園,10號出入口,308659.4,2772272.39,1.5,5
595,內湖區,九華公園,1號出入口,306602.93,2775696.1,1.6,3
596,內湖區,九華公園,2號出入口,306663.53,2775695.95,2.3,2
597,內湖區,文湖公園,1號出入口,306603.97,2775579.67,11.9,4
598,內湖區,西康公園,2號出入口,306941.68,2775125.51,1.3,8
599,內湖區,西康公園,4號出入口,306893.74,2775103.52,1.7,0
600,內湖區,西康公園,5號出入口,306911.36,2775096.19,2.9,6
601,內湖區,西康二號公園,1號出入口,306860.99,2775270.28,1.1,4
602,內湖區,西康二號公園,2號出入口,306906.18,2775269.12,5,0
603,內湖區,西康二號公園,3號出入口,306906.09,2775354.42,5.8,4
604,內湖區,西康二號公園,4號出入口,306879.31,2775352.96,2,1
605,內湖區,北勢湖公園,3號出入口,306693.82,2775183.62,4.4,1
606,內湖區,仙樹公園,1號出入口,307307.81,2775296.65,3.7,5
607,內湖區,洲子二號公園,2號出入口,307413.19,2774725.23,1.8,1
608,內湖區,港華一號公園,1號出入口,307828.93,2775638.89,1.7,6
609,內湖區,港華三號公園,1號出入口,308026.69,2775512.47,1.8,5
610,內湖區,港華三號公園,2號出入口,308007.45,2775487.23,1.8,5
611,內湖區,港華四號公園,1號出入口,308033.75,2775507.93,1.6,2
612,內湖區,港華四號公園,2號出入口,308011.55,2775478.91,1.7,5
613,內湖區,港華六號公園,1號出入口,307959.33,2775257.09,1.6,4
614,內湖區,港華六號公園,3號出入口,307951.44,2775224.87,3,6
615,內湖區,港都公園,1號出入口,308025.6,2775081.95,1.9,3
616,內湖區,港都公園,2號出入口,308013.66,2775069.89,2.3,3
617,內湖區,港墘公園,2號出入口,308128.87,2774846.18,1.2,5
618,內湖區,瑞陽公園,2號出入口,308484.05,2774488.87,1.8,8
619,內湖區,文德二號公園,1號出入口,308879.63,2774589.03,2.7,2
620,內湖區,文德二號公園,2號出入口,308897.09,2774588.16,2.6,3
621,內湖區,文德二號公園,3號出入口,308878.84,2774457.43,5.7,6
622,內湖區,文德二號公園,5號出入口,308874.21,2774443.12,5.3,6
623,內湖區,文德二號公園,7號出入口,308877.06,2774406.13,4.1,5
624,內湖區,文德二號公園,8號出入口,308895.63,2774405.14,3.9,6
625,內湖區,文德二號公園,11號出入口,308877.43,2774321.51,4.6,6
626,內湖區,陽光公園,2號出入口,309180.76,2774387.56,1.9,7
627,內湖區,湖興公園,1號出入口,309430.94,2773310.78,1.6,6
628,內湖區,湖興公園,2號出入口,309432.7,27732795.57,1.6,6
629,內湖區,碧山公園,2號出入口,309695.3,2775587.53,2.1,8
630,內湖區,福壽公園,2號出入口,310208.65,2774744.24,1.5,8
631,內湖區,新明公園,2號出入口,308422.14,2771917.81,0.9,3
632,內湖區,行善公園,1號出入口,308086.01,2771836.88,2.8,7
633,內湖區,行善公園,3號出入口,308123.23,2771773.11,7,2
634,內湖區,行善公園,4號出入口,308021.24,2771793.81,6.5,1
635,內湖區,行善公園,5號出入口,308052.4,2771816.55,2,4
636,內湖區,美善公園,1號出入口,308346.7,2772234.44,1.7,6
637,內湖區,美善公園,2號出入口,308374.1,2772186.92,1.4,6
638,內湖區,湖元公園,3號出入口,309237.86,2773453.11,2,1
639,內湖區,扶輪親恩公園,1號出入口,308445.24,2773296.13,2.1,2
640,內湖區,瑞湖公園,2號出入口,308165.01,2773549.56,7.5,6
641,內湖區,文心公園,1號出入口,308920.52,2773208.46,7,3
642,內湖區,文心公園,2號出入口,308978.01,2773118.01,5.1,6
643,內湖區,湖聖公園,1號出入口,309713.29,2773650.72,2,7
644,內湖區,大坑公園,1號出入口,310376.03,2773541.32,1.4,6
645,內湖區,南湖一號公園,1號出入口,311644.3,2773585.21,1.3,5
646,內湖區,南湖一號公園,2號出入口,311651.94,2773570.44,1.2,6
647,內湖區,康寧公園,1號出入口,311522.45,2773603.63,3.4,1
648,內湖區,康寧公園,2號出入口,311558.28,2773577.42,2.9,5
649,內湖區,康寧公園,3號出入口,311447.34,2773517.18,3.1,1
650,內湖區,五分公園,1號出入口,312031.09,2773339.39,1.9,8
651,內湖區,五分公園,2號出入口,312013.18,2773319.26,2.1,8
652,內湖區,安康公園,1號出入口,311943.77,2773260.82,2.5,7
653,內湖區,安康公園,2號出入口,311914.31,2773251.13,3,7
654,內湖區,安康公園,3號出入口,311903.73,2773287.14,2.5,6
655,內湖區,安康公園,5號出入口,311822.32,2773307.23,1.1,8
656,內湖區,東湖一號公園,1號出入口,311726.23,2774294.7,1.2,3
657,內湖區,東湖一號公園,2號出入口,311767.5,2774322.88,1.8,2
658,內湖區,東湖一號公園,3號出入口,311780.85,2774302.49,2.7,0
659,內湖區,東湖一號公園,4號出入口,311781,2774270.19,1.4,2
660,內湖區,東湖二號公園,2號出入口,311625.48,2774138.71,1.9,8
661,內湖區,東湖二號公園,3號出入口,311654.85,2774047.89,1.2,8
662,內湖區,東湖二號公園,4號出入口,311615.96,2774090.36,1.8,6
663,內湖區,安泰公園,1號出入口,312402.42,2774113.45,2.2,4
664,內湖區,安湖三號公園,1號出入口,312138.82,2773697.61,2,4
665,內湖區,安湖三號公園,2號出入口,312084.07,2773717.81,1.2,5
666,內湖區,安湖公園,1號出入口,312057.73,2774159.18,1.2,5
667,內湖區,東湖四號公園,1號出入口,312333.32,2773753.32,3.5,7
668,內湖區,東湖四號公園,2號出入口,312366.49,2773749.44,2,0
669,內湖區,樂康公園,1號出入口,312605,2773667.45,2.5,3
670,內湖區,樂康公園,2號出入口,312606.65,2773692.62,2,6
671,內湖區,樂康公園,3號出入口,312655.37,2773690.96,1.9,1
672,內湖區,金龍公園,1號出入口,309585.97,2775380.57,2.1,3
673,內湖區,金龍公園,2號出入口,309614.97,2775368.72,2.1,0
674,內湖區,翠湖公園,1號出入口,310726.24,2775441.06,1.7,1
675,內湖區,湖山三號公園,1號出入口,310969.37,2775530.85,1.4,8
676,內湖區,湖山五號公園,2號出入口,310563.91,2774947.63,1.6,5
677,內湖區,湖山六號公園,3號出入口,310686.21,2775129.54,1.6,6
678,內湖區,麗湖公園,1號出入口,310437.25,2774067.99,1.6,3
679,內湖區,康湖公園,1號出入口,311397.32,2774249.08,1.4,1
680,內湖區,康湖二號公園,1號出入口,311397.06,2774126.91,1.4,1
681,北投區,前山1號公園,1號出入口,305330.62,2782606.36,2.6,0
682,北投區,前山2號公園,1號出入口,305261.5,2782477.94,1.8,6
683,北投區,前山2號公園,2號出入口,305275.22,2782529.83,1.8,8
684,北投區,前山4號公園,1號出入口,305089.61,2782706.77,8.4,3
685,北投區,陽明公園,2號出入口,304368.66,2783391.5,1.5,7
686,北投區,陽明公園,3號出入口,304341.41,2783480.79,1.9,0
687,士林區,士林官邸公園,1號出入口,303499.16,2776365.88,4.5,0
688,士林區,士林官邸公園,2號出入口,303399.39,2776105,3.5,0
689,士林區,士林官邸公園,3號出入口,303533.02,2775948.79,4,0
690,士林區,雙溪公園,1號出入口,303939.3,2776737.94,3.5,0
691,士林區,雙溪公園,2號出入口,304191.35,2776760.33,3.5,0
692,士林區,福林公園,1號出入口,303290.65,2776306.91,4.3,1
693,士林區,福林公園,2號出入口,303490.15,2776520.11,10,7
694,士林區,至善公園,1號出入口,304218.48,2776815.08,3.4,0
695,士林區,至善公園,2號出入口,304467.03,2776699.84,2.5,0
696,士林區,福志公園,1號出入口,303871.56,2776983.4,6.5,5
697,士林區,福志公園,2號出入口,303856.3,2776805.23,3,1
698,士林區,福志公園,3號出入口,303905.79,2776809.33,2.7,1
699,士林區,志成公園,1號出入口,303652.74,2776594.54,9,1
700,士林區,志成公園,2號出入口,303431.77,2776544.04,2.8,2
701,士林區,志成公園,7號出入口,303405.35,2776557.12,3.5,2
702,士林區,翠山公園,1號出入口,307436.99,2777903.08,1,2
703,士林區,翠山公園,2號出入口,307492.84,2777904.93,3,2
704,士林區,原住民公園,1號出入口,305567.82,2777047.32,3.4,7
705,士林區,至德園,1號出入口,305108.86,2776779.14,2.5,0
706,士林區,承德公園,1號出入口,302668.99,2775877.6,4,7
707,士林區,承德公園,2號出入口,302687.4,2775806.37,7.5,1
708,士林區,衛理公園,1號出入口,305800.62,2777206.37,2.8,2
709,士林區,衛理公園,2號出入口,305813.08,2777200.36,2.2,1
710,士林區,209綠地,1號出入口,303278.61,2776261.57,5,0
711,士林區,209綠地,2號出入口,303254.34,2776103.81,5,0
712,士林區,後港公園,1號出入口,301871.79,2776178.57,1.3,1
713,士林區,華聲公園,1號出入口,302742.8,2776504.46,4.5,2
714,士林區,華聲公園,2號出入口,302709.7,2776495.55,5.7,2
715,士林區,華聲公園,3號出入口,302657.38,2776521.22,6.2,5
716,士林區,華聲公園,4號出入口,302744.82,2776543.62,5,5
717,士林區,福中公園,1號出入口,302360.08,2775658.2,2.7,4
718,士林區,福中公園,2號出入口,302341.76,2775566.38,3,3
719,士林區,福中公園,3號出入口,302314.41,2775571.12,6,4
720,士林區,福中公園,4號出入口,302332.46,2775663.07,3,3
721,士林區,基河公園,1號出入口,302908.64,2774987.38,1.9,7
722,士林區,基河公園,2號出入口,302916.81,2775007.6,1.9,1
723,士林區,基河公園,3號出入口,302899.33,2774897.47,2.5,6
724,士林區,明勝公園,1號出入口,302384.8,2774733.61,1,5
725,士林區,福順公園,1號出入口,301592.58,2774990.57,4,5
726,士林區,社正公園,1號出入口,301472.14,2775625.35,0.9,4
727,士林區,社正公園,2號出入口,301489.45,2775554.92,0.9,3
728,士林區,至誠公園,1號出入口,304097.28,2777120.68,2,2
729,士林區,至誠公園,2號出入口,304198.12,2777036.87,3,5
730,士林區,仰德ㄧ號公園,1號出入口,304220.62,2777024.34,3,0
731,士林區,德行公園,1號出入口,302789.99,2777580.84,2.5,0
732,士林區,德行公園,2號出入口,302780.63,2777448.54,2,6
733,士林區,德仁公園,1號出入口,302603.05,2777250.86,1,5
734,士林區,磺溪公園,2號出入口,302527.17,2777518.68,1,8
735,士林區,天壽公園,1號出入口,302975.47,2778590.83,1.2,1
736,士林區,天和ㄧ號公園,1號出入口,303929.07,2778978.24,3.5,1
737,士林區,天和ㄧ號公園,2號出入口,303957.2,2778978.62,3.5,2
738,士林區,外雙溪公園,1號出入口,305707.8,2777112.38,3.5,6
739,文山區,景華公園,1號出入口,304974.92,2765451.9,2.3,4
740,文山區,景華公園,2號出入口,304974.31,2765351.21,2.1,4
741,文山區,景華公園,3號出入口,304803.76,2765338.67,2.3,3
742,文山區,景華公園,4號出入口,304799.51,2765440.67,2.4,5
743,文山區,萬慶公園,1號出入口,304264.31,2765231.52,2.5,6
744,文山區,萬慶公園,2號出入口,304289.75,2765180.11,2.4,6
745,文山區,萬慶公園,3號出入口,304217.89,2764794.58,2.5,3
746,文山區,景美運動公園,1號出入口,304958.86,2766130.72,3.1,4
747,文山區,景美運動公園,2號出入口,304883.58,2766101.18,3.1,3
748,文山區,興隆公園,1號出入口,305707.46,2765955.08,2.7,5
749,文山區,興隆公園,2號出入口,305686.16,2765856.19,2.7,6
750,文山區,興隆公園,3號出入口,305555.47,2765898.42,2.7,6
751,文山區,興隆公園,4號出入口,305609.2,2765940.73,2.7,5
752,文山區,木柵公園,1號出入口,306529.37,2764412.04,1.8,4
753,文山區,木柵公園,2號出入口,306381.05,2764538.59,1.8,4
754,文山區,椰城公園,1號出入口,307415.55,2766578.45,1.8,5
755,文山區,椰城公園,2號出入口,307401.39,2766585.6,1.7,4
756,文山區,椰城公園,3號出入口,307385.92,2766641.02,1.8,5
757,文山區,萬興櫻花生態景觀公園,1號出入口,307852.52,2764955.23,2.4,4
758,文山區,萬興櫻花生態景觀公園,2號出入口,307842.8,2764843.64,2.4,4
759,文山區,辛亥生態公園,1號出入口,306279.18,2766330.6,2.5,4
760,文山區,辛亥生態公園,2號出入口,306205.85,2766367.74,2.5,4
761,文山區,辛亥生態公園,3號出入口,306168.3,2766293.26,2.5,4
762,文山區,辛亥生態公園,4號出入口,306093.54,2766161.25,2.5,4
763,文山區,辛亥生態公園,5號出入口,306203.9,2766128.8,2.5,4
764,文山區,原野運動公園,1號出入口,307655.84,2765631.96,2,5
765,文山區,原野運動公園,2號出入口,307630.92,2765653.23,2,5
766,文山區,木新公園,1號出入口,306313.91,2763925.1,1,8
767,文山區,木新公園,2號出入口,306366.42,2763923.44,1,6
768,文山區,樟樹公園,1號出入口,306481.56,2764008.09,2,5
769,文山區,樟樹公園,2號出入口,306464.52,2763978.23,2,5
770,文山區,樟林公園,1號出入口,306441.75,2764213.4,1,5
771,文山區,樟林公園,2號出入口,306469.27,2764174.3,1,5
772,文山區,忠順公園,1號出入口,306625.58,2764021.21,1.5,5
773,文山區,忠順公園,2號出入口,306675.69,2764037.47,1.5,5
774,文山區,木榮公園,1號出入口,307389.84,2764213.91,1.5,3
775,文山區,木榮公園,2號出入口,307404.31,2764181.4,2,3
776,文山區,試院公園,1號出入口,305235.17,2764548.2,2,5
777,文山區,試院公園,2號出入口,305238.48,2764529.61,2,5
778,文山區,試院公園,3號出入口,305242.49,2764511.9,2,5
779,文山區,試院公園,4號出入口,305272.24,2764519.33,2,5
780,文山區,華興公園,1號出入口,305548.3,2764656.25,1,3
781,文山區,華興公園,2號出入口,305612.22,2764675.67,1.5,3
782,文山區,木南公園,1號出入口,307617.23,2764348.56,1.5,4
783,文山區,木南公園,2號出入口,307615.12,2764490.55,1.5,5
784,文山區,保儀公園,1號出入口,306913.88,2764103.15,1.5,6
785,文山區,保儀公園,2號出入口,306859.61,2764092.4,3,4
786,文山區,光輝公園,1號出入口,306152.53,2764353.88,1,6
787,文山區,光輝公園,2號出入口,306115.62,2764344.21,1,7
788,文山區,久康公園,1號出入口,307012.49,2764690.07,1,8
789,文山區,久康公園,2號出入口,306945.73,2764721.92,2,4
790,文山區,樟興公園,1號出入口,305941.06,2763777.36,2,5
791,文山區,博嘉公園,1號出入口,307913.42,2765952.39,2,4
792,文山區,萬芳二號公園,1號出入口,307229.06,2765794.66,2,6
793,文山區,萬芳二號公園,2號出入口,307224.84,2765815.13,3.5,4
794,文山區,光明公園,1號出入口,306015.68,2764417.02,1,5
795,文山區,光明公園,2號出入口,305990.64,2764369.5,1,5
796,文山區,新榮公園,1號出入口,307533.56,2764054.01,2.5,4
797,文山區,新榮公園,2號出入口,307598.62,2764091.72,1,7
798,文山區,恆光公園,1號出入口,307307.95,2763975.2,1,6
799,文山區,恆光公園,2號出入口,307317.51,2763933.81,1,7
800,文山區,樟新公園,1號出入口,306270.33,2763622.09,2.5,6
801,文山區,樟新公園,2號出入口,306208.08,2763611.09,2.5,7
802,文山區,樟新公園,3號出入口,306217.51,2763551.65,2,5
803,文山區,明義公園,1號出入口,306654.32,2764590.33,2,5
804,文山區,明義公園,2號出入口,306616.27,2764586.3,2,5
805,文山區,景行公園,1號出入口,304757.71,2765089.93,3.5,4
806,文山區,景行公園,2號出入口,304801.03,2765011.9,1,7
807,文山區,景福公園,1號出入口,304553.1,2765440.8,1.5,6
808,文山區,景福公園,2號出入口,304537.05,2765415.92,1,5
809,文山區,景福公園,3號出入口,304558.21,2765399.17,1.5,6
810,文山區,景仁公園,1號出入口,304538.47,2765540.87,2,4
811,文山區,景仁公園,2號出入口,304544.53,2765487.95,2,5
812,文山區,萬和一號公園,1號出入口,304141.28,2765990.45,2,4
813,文山區,萬和一號公園,2號出入口,314104.98,2765934.8,3,4
814,文山區,萬和二號公園,1號出入口,304152.61,2766111.56,1.5,6
815,文山區,萬和二號公園,2號出入口,304145.86,2766032.89,1.5,4
816,文山區,萬和三號公園,1號出入口,304127.27,2766264.98,2,4
817,文山區,萬和三號公園,2號出入口,304136.19,2766204.21,2,4
818,文山區,萬和三號公園,3號出入口,304148.44,2766118.63,2,4
819,文山區,萬年一號公園,1號出入口,304080.24,2766416.44,2,4
820,文山區,萬年一號公園,2號出入口,304152.52,2766617.99,2.5,5
821,文山區,萬年二號公園,1號出入口,304080.24,2766416.44,2.5,6
822,文山區,萬年二號公園,2號出入口,304152.52,2766617.99,2,5
823,文山區,萬年三號公園,1號出入口,304155.63,2766623.31,2,6
824,文山區,萬年三號公園,2號出入口,304242.33,2766727.11,2,5
825,文山區,萬盛公園,1號出入口,304640.02,2766425.75,1,7
826,文山區,萬有二號公園,1號出入口,304690.29,2766020.54,2.5,5
827,文山區,萬有二號公園,2號出入口,304656.39,2765965.25,2.5,5
828,文山區,萬有一號公園,1號出入口,304825.16,2765942.44,1.8,6
829,文山區,萬有一號公園,2號出入口,304849.91,2765912.96,1.8,5
830,文山區,萬有一號公園,3號出入口,304812.22,2765847.13,1.8,4
831,文山區,萬有一號公園,4號出入口,304789.67,2765805.5,1.8,5
832,文山區,萬有三號公園,1號出入口,304844.55,2765765.18,4,5
833,文山區,萬有三號公園,2號出入口,304827.32,2765730.88,1.5,4
834,文山區,景豐公園,1號出入口,304978.69,2765919.02,1,6
835,文山區,興福公園,1號出入口,305127.75,2765551.76,1.5,5
836,文山區,興豐公園,1號出入口,305300.28,2765873.46,3,4
837,文山區,興豐公園,2號出入口,305288.92,2765863.33,1,5
838,文山區,興豐公園,3號出入口,305276.31,2765910.91,2.5,4
839,文山區,興豐公園,4號出入口,305242.64,2765924.4,2.5,4
840,文山區,興豐公園,5號出入口,305241.99,2765959.51,2.5,4
841,文山區,興德公園,1號出入口,306201.61,2766121.48,1.8,4
842,文山區,興德公園,2號出入口,306171.09,2766129.22,1.8,5
843,文山區,萬年公園,1號出入口,304080.24,2766416.44,2,4
844,文山區,萬年公園,2號出入口,304152.52,2766617.99,2.5,5
845,南港區,南港公園,1號出入口,309667.63,2771018.37,0.9,8
846,南港區,南港公園,2號出入口,309636.01,2770449,0.9,8
847,南港區,玉成公園,1號出入口,309206.97,2770672.65,0.9,7
848,南港區,玉成公園,2號出入口,308938.22,2770607.36,0.9,7
849,南港區,中研公園,1號出入口,311929.79,2771172.22,3,8
850,南港區,中研公園,2號出入口,311803.09,2771051.58,3,5
851,南港區,三重世貿,1號出入口,312219.67,2772351.13,3.5,5
852,南港區,三重世貿,2號出入口,312219.89,2772303.61,3.5,5
853,南港區,三重世貿,3號出入口,311968.48,2772318.08,3.5,5
854,南港區,三重世貿,4號出入口,311970.06,2772369.49,3.5,5
855,南港區,胡適公園,1號出入口,312317.5,2770325.28,4,8
856,南港區,胡適公園,2號出入口,312329.96,2770426.8,3,8
857,南港區,四分河濱公園,1號出入口,312129.21,2771321.12,1.8,7
858,南港區,四分河濱公園,2號出入口,311826.77,2771169.54,4,8
859,南港區,四分河濱公園,3號出入口,311795.36,2771176.16,4,8
860,南港區,新新公園,1號出入口,309590.53,2771667.25,3,5
861,南港區,新新公園,2號出入口,309620.01,2771546.86,3,3
862,南港區,聯成公園,1號出入口,309371.03,2771281.04,1,8
863,南港區,新勝公園,1號出入口,309900.15,2771356.68,1,6
864,南港區,萬福公園,1號出入口,308979.68,2771056.48,0.9,8
865,南港區,萬福公園,2號出入口,308966.62,2770995.83,0.9,8
866,南港區,南汐公園,1號出入口,312409.01,2771986.9,2.5,5
867,南港區,南汐公園,2號出入口,312409.01,2771986.9,3,5
868,南港區,百福公園,1號出入口,309348.49,2770221.89,0.9,7
869,南港區,百福公園,2號出入口,309340.02,2770172.01,0.9,8
870,南港區,中興公園,1號出入口,312023.74,2770882.32,1,6
871,南港區,中興公園,2號出入口,312050.14,2770890.42,1,6
872,南港區,合樂公園,1號出入口,309957.18,2771283.83,1.2,4
873,南港區,昆陽公園,1號出入口,309957.3,2771256.24,5,0
874,南港區,市民公園,1號出入口,308690.28,2771384.22,1.5,4
875,南港區,市民公園,2號出入口,308674.82,2771342.61,1.5,4
876,南港區,湧聲公園,1號出入口,309840.48,2770603.75,0.9,6
877,南港區,玉東公園,1號出入口,308920.48,2771423.09,1.8,3
878,南港區,瓶蓋印象公園,1號出入口,311162.88,2771919.67,2,7
879,南港區,瓶蓋印象公園,2號出入口,311185.45,2771812.66,2,8
880,南港區,合成公園,1號出入口,308609.54,2770916.87,1.5,4
881,南港區,東陽公園,1號出入口,310334.25,2772222.37,2,3
882,南港區,東陽公園,2號出入口,310403.35,2772248.26,2,3
883,南港區,重陽公園,1號出入口,310425.06,2772157.46,0.9,8
884,南港區,重陽公園,2號出入口,310455.84,2772172.67,0.9,8
885,南港區,興南公園,1號出入口,310906.34,2772245.51,0.9,5
886,南港區,興華公園,1號出入口,310995,2772208.91,0.9,8
887,南港區,東明公園,1號出入口,310937.83,2771973.82,1.8,8
888,南港區,南興公園,1號出入口,311169.44,2771919.03,2,8
889,南港區,南興公園,2號出入口,311291.93,2771942.73,2,8
890,南港區,新富公園,1號出入口,312266.06,2771802.26,1.5,8
891,南港區,六福公園,1號出入口,312202.19,2771249.01,3,7
892,南港區,六福公園,2號出入口,312259.98,2771101.17,3,5
893,南港區,福山公園,1號出入口,312350.15,2770932.66,2,8
894,南港區,福山公園,2號出入口,312307.51,2770856.81,2,7
895,南港區,舊莊公園,1號出入口,312586.51,2770552.81,1.5,8
896,南港區,舊莊公園,2號出入口,312633.69,2770474.71,1.5,8
897,南港區,理想公園,1號出入口,312690.49,2770345.7,1.5,8
898,南港區,理想公園,2號出入口,312750.6,2770308.87,1.5,8
899,南港區,港後公園,1號出入口,312118.43,2772869.73,1.5,8
900,南港區,港後公園,2號出入口,312110,2772815.3,2,7
901,南港區,經貿公園,1號出入口,312226.75,2772812.85,3,8
902,南港區,經貿公園,2號出入口,312136.58,2772872.03,3,0
903,南港區,幸福公園,1號出入口,312237.25,2771040.59,2.5,6
904,信義區,市民廣場,1號出入口,306860.48,2770220.17,0.9,4
905,信義區,市民廣場,2號出入口,306862.25,2770061.89,1,4
906,信義區,市民廣場,3號出入口,306776.67,2770063.08,1,5
907,信義區,市民廣場,4號出入口,306765.94,2770045.31,0.9,5
908,信義區,市民廣場,5號出入口,306716.76,2769883.61,1,4
909,信義區,市民廣場,6號出入口,306851.09,2769880.96,1,4
910,信義區,市民廣場,7號出入口,306865.13,2770047.94,1,4
911,信義區,忠信廣場,1號出入口,307352.74,2770435.12,1.3,5
912,信義區,忠信廣場,2號出入口,307351.2,2770392.36,1.3,5
913,信義區,忠信廣場,3號出入口,307350.19,2770344.72,1.3,7
914,信義區,忠信廣場,4號出入口,307305.08,2770344.09,1.3,6
915,信義區,信義廣場,1號出入口,307064.55,2769658.43,1.5,4
916,信義區,信義廣場,2號出入口,307186.06,2769657.61,1.5,4
917,信義區,信義廣場,3號出入口,307146.13,2769552.21,1.5,4
918,信義區,信義廣場,4號出入口,307069.83,2769554.55,1.5,4
919,信義區,松壽廣場,1號出入口,307160.13,2770090.05,1.2,3
920,信義區,松壽廣場,2號出入口,307128.34,2770089.69,1.2,4
921,信義區,松壽廣場,3號出入口,307115.05,2770105.92,1.2,3
922,信義區,松壽廣場,4號出入口,307069.95,2770105.73,1.2,3
923,信義區,松壽廣場,5號出入口,307068.86,2770003.16,1.2,4
924,信義區,松壽廣場,6號出入口,307091.67,2770002.03,1.2,4
925,信義區,松壽廣場,7號出入口,307166.16,2770046.21,1.2,4
926,信義區,富台公園,1號出入口,307772.12,2770555.41,1.1,3
927,信義區,富台公園,2號出入口,307720.88,2770574.91,1.1,3
928,信義區,富台公園,3號出入口,307770.91,2770530.48,1.1,3
929,信義區,象山公園,1號出入口,307492.62,2769496.06,0.9,5
930,信義區,象山公園,2號出入口,307498.26,2769065.42,0.9,5
931,信義區,松德公園,1號出入口,307824.37,2769939.65,1.1,5
932,信義區,松德公園,2號出入口,307812.68,2769746.42,1.1,5
933,信義區,眷村文化公園,1號出入口,306829.53,2769242.29,1.1,4
934,信義區,眷村文化公園,2號出入口,306783.66,2769206.54,0.9,4
935,信義區,景勤1號公園,1號出入口,306681.61,2768845.57,0.9,8
936,信義區,景勤1號公園,1號出入口,306346.88,2768886.06,0.9,8
937,信義區,景勤1號公園,2號出入口,306269.26,2768790.26,1.1,3
938,信義區,景勤1號公園,3號出入口,306423.18,2768885.38,1.1,3
939,信義區,景勤1號公園,4號出入口,306422.8,2768781.47,1.1,3
940,信義區,交五廣場,1號出入口,308117.54,2771361.6,1,7
941,信義區,交五廣場,2號出入口,307745.06,2771371.32,1,7
942,信義區,交六廣場,1號出入口,307733.38,2771363.74,1,7
943,信義區,交六廣場,2號出入口,307584.07,2771357.68,1,7
944,信義區,中興公園,1號出入口,306470,2769717.66,1,3
945,信義區,中興公園,2號出入口,306426.83,2769711.83,1,5
946,信義區,中興公園,3號出入口,306450.03,2769665.95,1,5
947,信義區,富生公園,1號出入口,307503.79,2770580.31,0.9,6
948,信義區,富生公園,2號出入口,307504.67,2770540.77,0.9,6
949,信義區,富生公園,3號出入口,307533.23,2770540.11,0.9,6
950,信義區,革新公園,1號出入口,307219.07,2770715.36,0.9,7
951,信義區,革新公園,2號出入口,307261.44,2770742.34,0.9,8
952,信義區,安強公園,1號出入口,308072.98,2769975.71,0.9,7
953,信義區,安強公園,2號出入口,308046.78,2769967.07,0.9,8
954,信義區,念儒公園,1號出入口,307885.2,2770065.41,0.9,7
955,信義區,中全公園,1號出入口,308007.65,2770127.29,1,6
956,信義區,福祥公園,1號出入口,307605.09,2771014.39,1,5
957,信義區,福祥公園,2號出入口,307553.72,2771016.94,1,5
958,信義區,雅祥公園,1號出入口,307730.32,2771204.67,1,6
959,信義區,雅祥公園,2號出入口,307680.67,2771206.34,1,6
960,信義區,雅祥公園,3號出入口,307727.58,2771137.42,1,6
961,信義區,雅祥公園,4號出入口,307678.64,2771137.88,1,6
962,信義區,五常公園,1號出入口,308002.99,2771246.81,1.3,5
963,信義區,五常公園,2號出入口,307999.98,2771148.87,1.3,5
964,信義區,五常公園,3號出入口,307944.27,2771150.52,1.3,5
965,信義區,五常公園,4號出入口,307851.93,2771152.34,1.3,5
966,信義區,永吉公園,1號出入口,308004.3,2770749.57,1.1,7
967,信義區,永吉公園,2號出入口,308005.27,2770711.03,1.1,7
968,信義區,五分埔公園,1號出入口,308525.27,2771250.14,0.9,7
969,信義區,五分埔公園,2號出入口,308480.23,2771234.66,0.9,7
970,信義區,五分埔公園,3號出入口,308581.94,2771094.2,0.9,7
971,信義區,四育公園,1號出入口,308004.94,2771097.28,1,6
972,信義區,永春公園,1號出入口,308417.65,2770602.35,1,7
973,信義區,永春公園,2號出入口,308483.14,2770601.63,1,7
974,信義區,永春公園,3號出入口,308417.31,2770564.13,1,7
975,信義區,松友公園,1號出入口,308179.23,2769694.37,1.5,0
976,信義區,松友公園,2號出入口,308171.82,2769680.27,1.8,8
977,信義區,松友公園,3號出入口,308160.62,2769657.4,1.8,8
978,信義區,松友公園,4號出入口,308133.54,2769663.93,1.8,8
979,信義區,春光公園,1號出入口,308637.19,2770659.34,3.5,7
980,信義區,春光公園,2號出入口,308563.65,2770581.27,3.5,7
981,信義區,春光公園,4號出入口,308610.53,2770497.73,3.5,7
982,信義區,林口公園,1號出入口,308443.24,2770280.46,2.1,7
983,信義區,林口公園,2號出入口,308438.33,2770249.98,1.5,8
984,信義區,林口公園,3號出入口,308447.64,2770195.96,2.1,7
985,信義區,福德公園,1號出入口,308939.43,2770188.44,1.8,8
986,信義區,福德公園,2號出入口,308940.14,2770163.63,2.1,5
987,信義區,三張里公園,1號出入口,307159.81,2769272.58,1.2,5
988,信義區,三興公園,1號出入口,306544.9,2769100.88,0.9,5
989,信義區,三興公園,2號出入口,306545.18,2769033.64,0.9,5
990,信義區,黎雙公園,1號出入口,306546.88,2768622.04,0.9,8
991,信義區,黎雙公園,2號出入口,306537.9,2768552.33,1,7
992,信義區,黎富公園,1號出入口,306175.13,2768242.35,1,8
993,信義區,黎富公園,2號出入口,306176.07,2768186.3,1,8
994,信義區,黎忠公園,1號出入口,306482,2768010.45,0.9,8
995,士林區,1號天母公園,1號出入口,303546.97,2779800.97,2.5,3
996,士林區,1號天母公園,2號出入口,303613.54,2780057.31,2.6,4
997,士林區,26號蘭雅公園,1號出入口,303319.5,2778095.53,2,3
998,士林區,26號蘭雅公園,2號出入口,303312.49,2778053.4,3,3
999,士林區,26號蘭雅公園,3號出入口,303306.39,2778021.63,2.5,3
1000,士林區,26號蘭雅公園,4號出入口,303394.61,2778083.05,2.5,3
1001,士林區,26號蘭雅公園,5號出入口,303388.71,2778069.98,2.5,3
1002,士林區,26號蘭雅公園,6號出入口,303380.96,2778010.49,2.5,3
1003,士林區,26號蘭雅公園,7號出入口,303483.25,2778070.75,2.5,3
1004,士林區,26號蘭雅公園,8號出入口,303473,2777995.25,2.6,3
1005,士林區,109號蘭興公園,1號出入口,302730.11,2778098.65,2.5,3
1006,士林區,109號蘭興公園,2號出入口,302751.3,2778146.62,2,4
1007,士林區,109號蘭興公園,3號出入口,302806.98,2778157.6,2,4
1008,士林區,109號蘭興公園,4號出入口,302825.5,2778126.2,3.5,4
1009,士林區,109號蘭興公園,5號出入口,302879.98,2778166.76,2,4
1010,士林區,56號忠誠公園,1號出入口,302954.5,2777382.54,4,3
1011,士林區,56號忠誠公園,2號出入口,303038.05,2777393.09,3,3
1012,士林區,56號忠誠公園,3號出入口,303103.76,2777399.27,3,3
1013,士林區,56號忠誠公園,4號出入口,302986.47,2777300.61,3,3
1014,士林區,28號海光公園,1號出入口,301205.37,2774991.1,3.5,3
1015,士林區,28號海光公園,2號出入口,301232.89,2775012.19,4,3
1016,士林區,28號海光公園,3號出入口,301287.32,2774782.87,3,3
1017,士林區,28號海光公園,4號出入口,301312.96,2774801.26,2.5,3
1018,士林區,27號社子公園,1號出入口,301033.22,2775931.88,3.5,4
1019,士林區,27號社子公園,2號出入口,301086.31,2775987.51,2,4
1020,士林區,27號社子公園,3號出入口,301118.4,2775945.65,2,4
1021,士林區,27號社子公園,4號出入口,301110.92,2775919.53,2,4
1022,士林區,2號天和公園,1號出入口,303870.29,2779101.17,3.5,3
1023,士林區,2號天和公園,2號出入口,303798.07,2779168.68,3.5,3
1024,士林區,2號天和公園,3號出入口,303819.32,2779199.96,2.5,3
1025,士林區,2號天和公園,4號出入口,303865.87,2779261.88,2.5,3
1026,士林區,29號前港公園,1號出入口,302407.8,2775483.84,3.5,3
1027,士林區,29號前港公園,2號出入口,302402,2775442.92,3,3
1028,士林區,29號前港公園,3號出入口,302395.2,2775312.39,3,3
1029,士林區,29號前港公園,4號出入口,302476.17,2775294.67,3,3
1030,士林區,29號前港公園,5號出入口,302583.11,2775275.98,3,3
1031,士林區,29號前港公園,6號出入口,302589.41,2775396.55,3,3
1032,士林區,29號前港公園,7號出入口,302581.5,2775485.05,3,3
1033,士林區,25號美崙公園,1號出入口,302094.64,2776668.79,5,3
1034,士林區,25號美崙公園,2號出入口,302179.44,2776567.95,2,3
1035,士林區,25號美崙公園,3號出入口,302368.62,2776619.8,2.5,3
1036,士林區,25號美崙公園,4號出入口,302356.29,2776659.03,3,3
1037,士林區,25號美崙公園,5號出入口,302317.5,2776755.74,3,3
1038,士林區,25號美崙公園,6號出入口,302290.2,2776821.29,3,3
1039,士林區,25號美崙公園,7號出入口,302190.69,2776808.53,3,3
1040,士林區,110號克強公園,1號出入口,302618.64,2777718.74,2.5,3
1041,士林區,110號克強公園,2號出入口,302603.43,2777732.67,2.5,3
1042,士林區,110號克強公園,3號出入口,302632.81,2777760.49,2.5,3
1043,士林區,110號克強公園,4號出入口,302583.16,2777918.79,2,3
1044,士林區,110號克強公園,5號出入口,302700.97,2777953.68,2,3
1045,士林區,3號東和公園,1號出入口,303740.48,2779279.41,2.5,3
1046,士林區,3號東和公園,2號出入口,303844.96,2779396.57,2.5,3
1047,士林區,3號東和公園,3號出入口,303791.07,2779412.23,2.5,3
1048,士林區,3號東和公園,4號出入口,303877.52,2779439.74,2.5,3
1049,士林區,3號東和公園,5號出入口,303773.67,2779504.7,2.5,3
1050,北投區,3號復興公園,1號出入口,300643.12,2781229.49,3.5,2
1051,北投區,3號復興公園,2號出入口,300696.37,2781236.95,3.5,2
1052,北投區,3號復興公園,3號出入口,300723.87,2781259.65,3.5,2
1053,北投區,3號復興公園,4號出入口,300788.52,2781327.67,3.5,2
1054,北投區,15號石牌公園,1號出入口,301559.91,2778746.06,2,2
1055,北投區,15號石牌公園,2號出入口,301437.95,2778808.28,2,2
1056,北投區,15號石牌公園,3號出入口,301390.72,2778851.95,2,2
1057,北投區,15號石牌公園,4號出入口,301322.19,2778878.33,2,2
1058,北投區,15號石牌公園,5號出入口,301321.11,2778948.26,2,2
1059,北投區,13號榮華公園,1號出入口,302602.7,2778132.12,3,3
1060,北投區,13號榮華公園,2號出入口,302629.07,2778169.62,3,3
1061,北投區,13號榮華公園,3號出入口,302782.51,2778224.02,3,3
1062,北投區,13號榮華公園,4號出入口,302904.64,2778259.46,3,3
1063,北投區,16號立農公園,1號出入口,300800.88,2778941.93,3.5,2
1064,北投區,16號立農公園,2號出入口,300775.69,2778952.33,3.5,2
1065,北投區,16號立農公園,3號出入口,300829.45,2779151.32,3.5,2
1066,北投區,5號七虎公園,1號出入口,300517.89,2780977.32,3.5,2
1067,北投區,5號七虎公園,2號出入口,300598.49,2780902.31,3.5,2
1068,北投區,9號振興公園,1號出入口,302814.2,2779022.69,3.5,3
1069,北投區,233號七星公園,1號出入口,300658.28,2780920.46,3.5,2
1070,北投區,233號七星公園,2號出入口,300654.16,2781009.75,3.5,2
1071,北投區,233號七星公園,3號出入口,300733.66,2781012.73,3.5,2
1072,北投區,233號七星公園,4號出入口,300782.06,2781016.14,3.5,2
1073,北投區,246號奇岩一,1號出入口,300760.18,2780122.83,3.5,2
1074,北投區,246號奇岩一,2號出入口,300804.86,2780254.8,3.5,2
1075,北投區,247號奇岩二,1號出入口,300742.37,2779640.2,3.5,2
1076,北投區,247號奇岩二,2號出入口,300853.92,2779757.09,3.5,2
1077,北投區,252號洲美蜆仔港公園,1號出入口,301664.66,2776962.31,3.5,2
1078,萬華區,萬華51號,1號出入口,300224.36,2769432.27,1.5,1
1079,萬華區,萬華266號,1號出入口,300637.16,2770349.16,2,0
1080,萬華區,萬華266號,2號出入口,300635.19,2770334.22,2,0
1081,萬華區,萬華266號,3號出入口,300652.17,2770353.12,2,0
1082,萬華區,萬華266號,4號出入口,300647.52,2770329.69,2,0
1083,萬華區,萬華406號(西本願寺),1號出入口,301112.91,2770369.16,3.2,0
1084,萬華區,萬華406號(西本願寺),2號出入口,301189.84,2770317.1,2.1,1
1085,中正區,交通4號,1號出入口,302399.15,2771168.19,1.5,1
1086,中正區,行旅廣場,1號出入口,301980.44,2771079,2.5,0
1087,中正區,行旅廣場,2號出入口,301997.02,2771131.01,3,0
1088,中正區,行旅廣場,3號出入口,302069.34,2771115.68,2.3,0
1089,中正區,行旅廣場,4號出入口,302060.27,2771082.54,2,0
1090,中正區,交通7號,1號出入口,302071.7,2771064.28,1.8,1
1091,中正區,交通7號,2號出入口,302080.25,2771094.45,1.5,1
1092,中正區,交通8號,1號出入口,301779.79,2771210.15,4.3,0
1093,中正區,交通8號,2號出入口,301779.27,2771134.52,5,0
1094,大同區,敦煌1號,1號出入口,302001.62,2774355.33,2,1
1095,大同區,敦煌2號,1號出入口,301749.34,2774361.58,1.7,1
1096,大同區,敦煌2號,2號出入口,301796.83,2774361.49,1.5,1
1097,大同區,大同249號,1號出入口,301407.91,2774431.04,1.8,0
1098,大同區,大同249號,2號出入口,301466.58,2774478.35,1.5,2
1099,大同區,大同250號,1號出入口,301413.34,2774425.14,2,0
1100,大同區,大同250號,2號出入口,301419.47,2774413.73,1.5,1
1101,大同區,大同250號,3號出入口,301441.47,2774428.61,1.5,1
1102,大同區,大同250號,4號出入口,301453.75,2774436.86,1.5,1
1103,大同區,大同251號,1號出入口,301314.88,2774479.57,1.5,1
1104,大同區,太原廣場,1號出入口,301944.22,2771337.57,6.2,0
1105,大同區,太原廣場,2號出入口,301964.13,2771332.67,4.3,0
1106,大同區,六藝廣場,1號出入口,302043.67,2773979.69,1.5,1
1107,大同區,六藝廣場,2號出入口,302065.31,2773981.92,1.5,1
1108,大同區,大同23號廣場(永樂廣場),1號出入口,301480.66,2771909.6,2,0
1109,大同區,大同23號廣場(永樂廣場),2號出入口,301467.82,2772012.63,2,0
1110,內湖區,紫陽綠地,2號出入口,309039.95,2774525.27,1,1
1111,內湖區,紫陽綠地,3號出入口,309148.31,2774433.98,1,1
1112,內湖區,文德1號綠地,1號出入口,308577.76,2774612.22,1.5,1
1113,內湖區,文德1號綠地,2號出入口,308600.62,2774613.13,1.5,0
1114,內湖區,文德1號綠地,3號出入口,308642.96,2774612.77,1,0
1115,內湖區,文德1號綠地,4號出入口,308728.68,2774656.87,1.5,0
1116,內湖區,文德1號綠地,5號出入口,308806.41,2774704.7,1,0
1117,內湖區,湖興綠地,1號出入口,309444.6,2773327.24,2,1
1118,內湖區,湖興綠地,2號出入口,309456.83,2773346.53,1,1
1119,內湖區,週美綠地,1號出入口,308455.61,2772066.88,1.5,0
1120,內湖區,週美綠地,2號出入口,308610.83,2772158.79,1.5,0
1121,內湖區,週美綠地,3號出入口,308666.1,2772205.58,1.5,0
1122,內湖區,週美綠地,4號出入口,308670.75,2772194.84,1.5,0
1123,內湖區,安興綠地,1號出入口,308634.67,2772244.63,1.5,0
1124,內湖區,安興綠地,2號出入口,308541.84,2772182.33,1.5,0
1125,內湖區,安興綠地,3號出入口,308400.86,2772113.63,1.5,0
1126,內湖區,安興綠地,4號出入口,308195.09,2771992.63,1.5,0
1127,內湖區,110號綠地,1號出入口,308587.62,2773890.03,1,1
1128,內湖區,110號綠地,2號出入口,308545.29,2773852.98,1,1
1129,內湖區,110號綠地,3號出入口,308523.9,2773794.89,1,1
1130,內湖區,110號綠地,4號出入口,308551.97,2773715.76,1,1
1131,內湖區,康樂綠地,1號出入口,312569.9,2774279.53,2.6,1
1132,內湖區,康樂綠地,2號出入口,312575.9,2774268.79,1.5,1
1133,內湖區,灣仔廣場,1號出入口,309512.54,2773461.59,2,0
1134,內湖區,灣仔廣場,2號出入口,309535.26,2773464.25,1.5,0
1135,內湖區,灣仔廣場,3號出入口,309516.62,2773457.17,2,0
1136,內湖區,灣仔廣場,4號出入口,309533.66,2773458.73,1.5,1
1137,內湖區,西安廣場,1號出入口,306619.43,2775519.19,2,1
1138,內湖區,西安廣場,2號出入口,306604.89,2775530.07,2,1
1139,內湖區,港富廣場,1號出入口,308318.96,2774792.11,6,1
1140,內湖區,港富廣場,2號出入口,308340.5,2774785.88,6,1
1141,內湖區,港富廣場,3號出入口,308290.82,2774728.35,6,1
1142,內湖區,港富廣場,4號出入口,308310.75,2774718.75,6,1
1143,南港區,合成8號綠地,1號出入口,309043.08,2771245.27,2,1
1144,南港區,合成8號綠地,2號出入口,309177.01,2771316.91,1.2,1
1145,南港區,合成8號綠地,3號出入口,309185.12,2771319.37,2.8,1
1146,南港區,合成8號綠地,4號出入口,309251.62,2771336.88,4.8,0
1147,南港區,合成18號綠地,1號出入口,308843.56,2771016.07,3,1
1148,南港區,合成18號綠地,2號出入口,308869.83,2771075.27,2.5,1
1149,南港區,合成18號綠地,3號出入口,308881.98,2771081.24,1.5,1
1150,南港區,合成18號綠地,4號出入口,309012.58,2771235.5,1,0
1151,南港區,新陽綠地,1號出入口,310207.86,2772062.39,1.8,1
1152,南港區,新陽綠地,2號出入口,310352.13,2771996.28,2.7,0
1153,南港區,新陽綠地,3號出入口,310367.31,2771989.62,2,0
1154,南港區,新陽綠地,4號出入口,310478.78,2771936.28,3,3
1155,南港區,29號綠地,1號出入口,312256.8,2770608,3.3,0
1156,南港區,29號綠地,3號出入口,312275.29,2770588.43,1.1,0
1157,南港區,向陽綠地,1號出入口,309798.41,2772307,1,0
1158,南港區,向陽綠地,2號出入口,309816.82,2772276.26,1.2,0
1159,南港區,向陽綠地,3號出入口,309802.09,2772209.72,1.5,0
1160,南港區,向陽綠地,4號出入口,309815.86,2772216.91,2.3,1
1161,南港區,向陽綠地,5號出入口,309834.89,2772227.36,1.5,0
1162,南港區,成德綠地,2號出入口,309232.56,2771051.62,4,0
1163,南港區,成德綠地,3號出入口,309299.53,2771086.64,2,0
1164,南港區,東新綠地,1號出入口,310502.47,2771843.26,3,2
1165,南港區,東新綠地,2號出入口,310524.92,2771967.97,1.8,0
1166,南港區,東新綠地,3號出入口,310547.71,2771955.16,4,0
1167,南港區,東新綠地,5號出入口,310628.6,2772023.07,2,1
1168,南港區,九如綠地,1號出入口,312176.6,2770210.05,3,0
1169,南港區,成福綠地,1號出入口,309809.24,2770982.2,3,0
1170,南港區,成福綠地,2號出入口,309835.59,2771020.54,1,0
1171,南港區,南深綠地,1號出入口,312890.84,2770159.49,2.2,4
1172,南港區,南深綠地,2號出入口,313002.24,2770068.75,1.5,0
1173,南港區,四分綠地,1號出入口,311973.73,2769906.25,2,1
1174,南港區,四分綠地,2號出入口,311974.71,2769868.03,1,1
1175,南港區,四分綠地,3號出入口,312073.23,2769870.09,1,0
1176,南港區,園區綠地,1號出入口,311851.04,2772588.12,1.5,0
1177,南港區,園區綠地,2號出入口,311851.62,2772549.24,3.5,0
1178,南港區,園區綠地,3號出入口,311828.18,2772465.97,1.7,0
1179,南港區,園區綠地,4號出入口,311830.18,2772681.29,1.6,1
1180,南港區,三重綠地,1號出入口,311966.2,2772228.13,2,0
1181,南港區,三重綠地,2號出入口,311957.67,2772140.08,1.5,0
1182,南港區,合心廣場,1號出入口,308733.43,2771102.52,3,0
1183,南港區,合心廣場,2號出入口,308765.61,2771077.22,8.5,0
1184,南港區,合心廣場,3號出入口,308830.65,2771026.22,2,0
1185,南港區,5號廣場,1號出入口,310872.21,2771740.04,1.2,0
1186,南港區,5號廣場,3號出入口,310885.31,2771654.78,1.3,0
1187,南港區,5號廣場,4號出入口,310900.46,2771656.73,2,0
1188,文山區,興德綠色步道,1號出入口,306480.71,2765311.49,2,0
1189,文山區,興德綠色步道,2號出入口,306417.96,2765162.86,2,1
1190,文山區,指南綠地,1號出入口,308526.49,2764019.74,5,0
1191,文山區,文山50號綠地,1號出入口,308050.71,2764910.71,1.5,5
1192,文山區,萬利公園綠地,1號出入口,307026.87,2765923.52,2.5,5
1193,文山區,萬利公園綠地,2號出入口,306965.88,2765940.09,3.5,5
1194,文山區,文山68號綠地,1號出入口,308530.4,2764087.62,2.5,5
1195,文山區,文山68號綠地,2號出入口,308498.63,2764077.38,1.9,0
1196,信義區,信義350號公園,1號出入口,306669.97,2770259.17,1.7,6
1197,信義區,信義350號公園,2號出入口,306669.17,2770255.13,1.7,8
1198,信義區,信義351號公園,1號出入口,306887.88,2770254.15,1.5,6
1199,信義區,信義351號公園,2號出入口,307340.31,2770245.56,1.5,6
1200,信義區,信義352號松智公園,1號出入口,307082.39,2770214.05,1.5,6
1201,信義區,信義352號松智公園,2號出入口,307070.23,2769561.22,1.5,6
1202,信義區,信義353號松仁綠地,1號出入口,307063.61,2769524.58,1.5,6
1203,信義區,信義353號松仁綠地,2號出入口,307335.73,2769440.38,1.5,6
1204,信義區,信義354號綠地,1號出入口,307382.29,2770429.16,1.5,6
1205,信義區,信義354號綠地,2號出入口,307368.63,2769556.4,1.5,6
1206,信義區,信義355號綠地,1號出入口,307367.72,2769514.13,1.5,6
1207,信義區,信義355號綠地,2號出入口,307366.65,2769059.45,1.5,6
1208,信義區,信義356號綠地,1號出入口,307884.92,2769749.39,1.5,6
1209,信義區,信義356號綠地,2號出入口,307969.31,2770028.91,1.5,6
1210,信義區,信義410號太子綠地,1號出入口,308239.24,2770921.26,2.5,6
1211,信義區,信義410號太子綠地,2號出入口,308238.22,2770905.24,2.5,6
1212,信義區,信義316號松隆綠地,1號出入口,308466.23,2769822.4,1.1,6
1213,信義區,信義316號松隆綠地,2號出入口,308550.94,2769699.2,1.1,6
1214,信義區,信義220號崇德綠地,1號出入口,306056.07,2768586.51,1.2,6
1215,信義區,信義220號崇德綠地,2號出入口,306069.31,2768593.84,1.2,6
1216,信義區,信義319號松光綠地,1號出入口,308403.08,2770293.23,2.1,8
1217,信義區,信義319號松光綠地,2號出入口,308388.04,2770295.99,2.1,8
1218,信義區,信義290號黎平綠地,1號出入口,306208.73,2768457.53,1.3,8
1219,信義區,信義382號惠安水與綠生活綠地,1號出入口,307345.31,2768478.13,1.2,6
1220,信義區,信義382號惠安水與綠生活綠地,2號出入口,307351.23,2768454.46,1.2,6
1221,大安區,大安125號綠地,1號出入口,303795.67,2770793.7,1.8,2
1222,大安區,大安125號綠地,2號出入口,303866.77,2770814.16,1.5,2
1223,大安區,溫州綠地,1號出入口,303670.7,2768170.62,2,0
1224,大安區,錦華綠地,1號出入口,303439.58,2769172.63,1.2,2
1225,大安區,錦華綠地,2號出入口,303439.82,2769146.52,2.8,1
1226,大安區,黎和綠地,1號出入口,306527.03,2767766.31,2.2,2
1227,大安區,黎和綠地,2號出入口,306516.92,2767755.76,1.5,2
1228,中山區,中山391號力行1號綠地         ,1號出入口,304341.41,2775207.19,1.5,8
1229,中山區,中山391號力行1號綠地         ,2號出入口,304377.62,2775185.54,1.5,8
1230,中山區,中山393力行2號綠地,1號出入口,304341.41,2775207.19,2.2,0
1231,中山區,中山411號綠地,1號出入口,306131.51,2775055.96,6.2,5
1232,中山區,中山411號綠地,2號出入口,306131.54,2775180.41,6.4,5
1233,中山區,中山412號綠地,1號出入口,306133.11,2775038.53,5.3,5
1234,中山區,中山412號綠地,2號出入口,306133.37,2774845.33,9.5,0
1235,中山區,中山413號綠地,1號出入口,306104.58,2775180.64,6.2,1
1236,中山區,中山413號綠地,2號出入口,306106.7,2775059.56,7.5,1
1237,中山區,中山414號綠地,1號出入口,306105.91,2775038.34,9.1,1
1238,中山區,中山414號綠地,2號出入口,306105.61,2774847.82,9.9,1
1239,中山區,中山415號綠地,1號出入口,305795.57,2774762.64,7.4,1
1240,中山區,中山415號綠地,2號出入口,305708.44,2774762.28,7.1,1
1241,中山區,中山416號綠地,1號出入口,305914.09,2774761.51,7.3,1
1242,中山區,中山416號綠地,2號出入口,305813.7,2774762.44,6.8,1
1243,中山區,中山417號綠地,1號出入口,306087.26,2774760.07,6.8,2
1244,中山區,中山417號綠地,2號出入口,305933.03,2774760.78,9.3,1
1245,中山區,中山418號綠地,1號出入口,306331.06,2774759.73,6.6,1
1246,中山區,中山418號綠地,2號出入口,306245.82,2774760.18,7.8,1
1247,中山區,中山419號綠地,1號出入口,306499.9,2774758.81,7.3,1
1248,中山區,中山419號綠地,2號出入口,306350.27,2774759,6.9,1
1249,中山區,中山420號綠地,1號出入口,306664.1,2774769.99,5.5,1
1250,中山區,中山420號綠地,2號出入口,306521.55,2774758.09,6.2,2
1251,中山區,中山421號綠地,1號出入口,306733.46,2774811.18,5.2,1
1252,中山區,中山421號綠地,2號出入口,306682.99,2774780.83,7.2,2
1253,中山區,中山422號綠地,1號出入口,305802.14,2774738.3,6.4,1
1254,中山區,中山422號綠地,2號出入口,305720.96,2774739.58,7.7,1
1255,中山區,中山423號綠地,1號出入口,305920.52,2774737.04,6.4,1
1256,中山區,中山423號綠地,2號出入口,305817.97,2774737.42,7.1,1
1257,中山區,中山424號綠地,1號出入口,306016.71,2774737.16,7.1,1
1258,中山區,中山424號綠地,2號出入口,305933.64,2774737.49,7.4,1
1259,中山區,中山425號綠地,1號出入口,306106.55,2774736.32,4.7,1
1260,中山區,中山425號綠地,2號出入口,306029.83,2774737.35,5.1,1
1261,中山區,中山426號綠地,1號出入口,306748.54,2774790.37,8.2,1
1262,中山區,中山426號綠地,2號出入口,306683.49,2774752.43,9.1,1
1263,中山區,中山21號廣場,1號出入口,306130.91,2775243.84,6.2,2
1264,中山區,中山21號廣場,2號出入口,306132.18,2775198.37,8.4,2
1265,中山區,中山21號廣場,3號出入口,306205.78,2775197.6,7,2
1266,士林區,士林8號華齡公園,1號出入口,302789.61,2775186,3.8,8
1267,士林區,士林8號華齡公園,2號出入口,302746.62,2775176.82,4,8
1268,士林區,士林73號天美綠地,1號出入口,303049.7,2779283.86,3.1,8
1269,士林區,士林73號天美綠地,2號出入口,303052.91,2779433.17,1.8,0
1270,士林區,士林77號天壽公園,1號出入口,303016.7,2778485.81,1.8,8
1271,士林區,士林77號天壽公園,2號出入口,302981.48,2778568.26,2.8,0
1272,士林區,士林95聖山綠地,1號出入口,303698.54,2777722.6,5.7,0
1273,士林區,士林95聖山綠地,2號出入口,303690.37,2777703.87,2.6,0
1274,士林區,士林95聖山綠地,3號出入口,303681.63,2777722.81,2.4,0
1275,士林區,士林117號綠地,1號出入口,301861.78,2776539.93,9.9,5
1276,士林區,士林117號綠地,2號出入口,301806.01,2776689.85,5.7,5
1277,士林區,士林120號綠地,1號出入口,302474.4,2776210.83,2.2,0
1278,士林區,士林120號綠地,2號出入口,302510.85,2776160.25,2.6,0
1279,士林區,士林128號綠地,1號出入口,302765.86,2775270.61,2.8,8
1280,士林區,士林128號綠地,2號出入口,302723.84,2775257.94,1.7,0
1281,士林區,士林128號綠地,3號出入口,302711.94,2775256.55,1.5,0
1282,士林區,士林128號綠地,4號出入口,302677.46,2775252.51,1.6,0
1283,士林區,士林128號綠地,5號出入口,302665.96,2775253.01,1.5,0
1284,士林區,士林128號綠地,6號出入口,302596.82,2775255.16,1.5,0
1285,士林區,士林130號綠地,1號出入口,300736.98,2775787.31,2.4,5
1286,士林區,士林130號綠地,2號出入口,300718.45,2775751.46,4.1,5
1287,士林區,士林130號綠地,3號出入口,300709.06,2775803.35,1.9,2
1288,士林區,士林139號綠地,1號出入口,301405.11,2775282.88,3.3,8
1289,士林區,士林139號綠地,2號出入口,301267.19,2775228.27,1.5,0
1290,士林區,士林143號東吳綠地,1號出入口,304790.55,2776538.18,3,5
1291,士林區,士林143號東吳綠地,2號出入口,304700.62,2776631.45,8.2,1
1292,士林區,基隆河沖洗溝綠地,1號出入口,302727.77,2775188.99,4.4,8
1293,士林區,基隆河沖洗溝綠地,2號出入口,302599.14,2775148.13,6.8,8
1294,士林區,基隆河沖洗溝綠地,3號出入口,302602.46,2775128.77,1.5,8
1295,士林區,基隆河沖洗溝綠地,4號出入口,302585.09,2775141.62,1.5,8
1296,士林區,基隆河沖洗溝綠地,5號出入口,302413.51,2775011.26,1.5,8
1297,士林區,基隆河沖洗溝綠地,6號出入口,302415.76,2774989.74,1.5,8
1298,士林區,士林173號蘭興1號綠地,1號出入口,303025.36,2778467.54,3.6,5
1299,士林區,士林173號蘭興1號綠地,2號出入口,303031.56,2778264.99,3.6,5
1300,士林區,士林80號蘭興2號綠地,1號出入口,303071.45,2778440.82,6.2,1
1301,士林區,士林80號蘭興2號綠地,2號出入口,303098.91,2778404.88,1.5,0
1302,士林區,士林83號天福綠地,1號出入口,303710.53,2778821.42,1.5,8
1303,士林區,士林83號天福綠地,2號出入口,303727.79,2778800.64,1.5,8
1304,士林區,士林206號番仔田綠地,1號出入口,305286.37,2776729.58,4.8,0
1305,士林區,士林206號番仔田綠地,2號出入口,305278.8,2776695.92,6.3,0
1306,士林區,士林208號綠地,1號出入口,303828.07,2776656.47,1.5,0
1307,士林區,士林208號綠地,2號出入口,303803.39,2776638.35,1.5,0
1308,士林區,士林79號綠地,1號出入口,303120.77,2778682.72,1.5,0
1309,士林區,士林79號綠地,2號出入口,303134.41,2778688.96,1.5,0
1310,士林區,士林1號天母廣場,1號出入口,303475.19,2779046.39,7,5
1311,士林區,士林1號天母廣場,2號出入口,303439.19,2779052.7,4.5,5
1312,士林區,士林1號天母廣場,3號出入口,303450.74,2779005.13,9.2,5
1313,士林區,士林1號天母廣場,4號出入口,303426.4,2779005.31,4.1,5
1314,士林區,士林3號德行廣場       ,1號出入口,302914.22,2777450.14,2.9,0
1315,士林區,士林3號德行廣場       ,2號出入口,302843.34,2777449.87,3.4,0
1316,士林區,士林4號廣場    ,1號出入口,303659.38,2776536.49,8.5,0
1317,士林區,士林4號廣場    ,2號出入口,303660.13,2776483.22,5.5,0
1318,北投區,北投88號綠地,1號出入口,301909.97,2778965.93,6.9,0
1319,北投區,北投88號綠地,2號出入口,301886.37,2778910.96,1.5,2
1320,北投區,北投90號綠地,1號出入口,302573.72,2779046.49,1.5,1
1321,北投區,北投90號綠地,2號出入口,302428.06,2779012.3,1.5,1
1322,北投區,北投91號綠地,1號出入口,302631.76,2779077.19,1.5,0
1323,北投區,北投91號綠地,2號出入口,302591.53,2779058.2,1.5,0
1324,北投區,北投120號綠地,1號出入口,300689.41,2779025.49,1.5,0
1325,北投區,北投120號綠地,2號出入口,300656.01,2779058.73,1.5,0
1326,北投區,北投121號綠地,1號出入口,300824.61,2778892.3,3.7,1
1327,北投區,北投121號綠地,2號出入口,300698.37,2779017.19,3.7,1
1328,北投區,北投122號綠地,1號出入口,301166.71,2778553.55,3.7,1
1329,北投區,北投122號綠地,2號出入口,301359.48,2778363.28,3.7,1
1330,北投區,北投123號綠地,1號出入口,300803.13,2778850.79,3.7,1
1331,北投區,北投123號綠地,2號出入口,300901.95,2778752.98,3.7,1
1332,北投區,北投163大業綠地,1號出入口,300098.66,2780222.65,3,1
1333,北投區,北投163大業綠地,2號出入口,300104.52,2780212.18,3.2,1
1334,北投區,北投163大業綠地,3號出入口,300247.5,2779796.85,3.2,1
1335,北投區,北投163大業綠地,4號出入口,299968.64,2780533.91,3.2,1
1336,北投區,北投164號綠地,1號出入口,300039.88,2780725.15,9.2,1
1337,北投區,北投164號綠地,2號出入口,300021.23,2780500.22,5.7,2
1338,北投區,北投165號綠地,1號出入口,300152.38,2780472.46,2,8
1339,北投區,北投165號綠地,2號出入口,300148.56,2780480.24,2,8
1340,北投區,北投166號綠地,1號出入口,300056.01,2780420.73,9.5,5
1341,北投區,北投166號綠地,2號出入口,300134.57,2780240.26,7.9,0
1342,北投區,北投167號綠地,1號出入口,300181.22,2780131.77,1.5,0
1343,北投區,北投167號綠地,2號出入口,300207.73,2780057.36,1.5,0
1344,北投區,北投167號綠地,3號出入口,300211.57,2780043.92,1.5,0
1345,北投區,北投167號綠地,4號出入口,300234.27,2779974.34,1.5,0
1346,北投區,北投167號綠地,5號出入口,300238.65,2779960.37,1.5,0
1347,北投區,北投167號綠地,6號出入口,300286.81,2779810.45,1.5,0
1348,北投區,北投168號綠地,1號出入口,300291.97,2779792.59,6.5,1
1349,北投區,北投168號綠地,2號出入口,300362.72,2779531.39,6.5,1
1350,北投區,北投183號綠地,1號出入口,297635.13,2779484.22,5.3,0
1351,北投區,北投183號綠地,2號出入口,297562.08,2779489.62,1.5,0
1352,北投區,北投187號綠地,1號出入口,297316.59,2779460.52,7.2,0
1353,北投區,北投187號綠地,2號出入口,297093.37,2779481.26,2.9,0
1354,北投區,北投250號奇岩四號綠地,1號出入口,301004.49,2779756.8,6.2,1
1355,北投區,北投250號奇岩四號綠地,2號出入口,300949.46,2779860.96,1.5,5
1356,北投區,北投250號奇岩四號綠地,3號出入口,301075.15,2779953.96,1.5,5
1357,北投區,北投250號奇岩四號綠地,4號出入口,301125.91,2779976.75,6.2,1
1358,北投區,北投242號磅空頂綠地,1號出入口,296961.86,2779501.55,2.1,0
1359,北投區,北投257號綠地,1號出入口,300002.05,2780752.21,1.5,1
1360,北投區,北投257號綠地,2號出入口,299460.22,2781003.06,1.5,1
1361,北投區,北投258號綠地,1號出入口,300207.32,2780492.77,1.5,1
1362,北投區,北投258號綠地,2號出入口,300174.02,2780499.91,1.5,1
1363,北投區,北投258號綠地,3號出入口,300189.83,2780467.69,1.5,1
1364,北投區,北投258號綠地,4號出入口,300188.02,2780517.98,1.5,1
1365,北投區,北投161號田心仔綠地,1號出入口,302473.08,2777831.97,5.4,0
1366,北投區,北投161號田心仔綠地,2號出入口,302444.74,2777815.71,1.5,0
1367,北投區,北投3號廣場,1號出入口,302464.64,2777845.92,1.5,8
1368,北投區,北投3號廣場,2號出入口,302411.83,2777932.35,1.5,8
1369,北投區,北投3號廣場,3號出入口,302439.01,2777828.07,1.5,8
1370,北投區,北投3號廣場,4號出入口,302382.68,2777913.94,1.5,8
1371,北投區,I-1明德站南段,1號出入口,302473.08,2777831.97,3.5,5
1372,北投區,I-1明德站南段,2號出入口,302444.74,2777815.71,3.2,5
1373,北投區,I-2明德站南段,1號出入口,302464.64,2777845.92,1.5,5
1374,北投區,I-2明德站南段,2號出入口,302411.83,2777932.35,1.5,5
1375,北投區,I-2明德站南段,3號出入口,302439.01,2777828.07,1.5,5
1376,北投區,I-2明德站南段,4號出入口,302382.68,2777913.94,1.5,5
1377,北投區,J-1石牌南站段,1號出入口,302274.7,2778138.43,1.5,5
1378,北投區,J-1石牌南站段,2號出入口,302181.56,2778302.45,1.5,5
1379,北投區,J-1石牌南站段,3號出入口,302253.65,2778124.09,1.5,5
1380,北投區,J-1石牌南站段,4號出入口,302156.18,2778289.97,1.5,5
1381,北投區,J-2石牌南站段,1號出入口,302171.2,2778321.24,1.5,5
1382,北投區,J-2石牌南站段,2號出入口,302088.54,2778434.45,1.5,5
1383,北投區,J-2石牌南站段,3號出入口,302132.89,2778296.34,1.5,5
1384,北投區,J-2石牌南站段,4號出入口,302070.27,2778402.1,1.5,5
1385,北投區,K-1唭哩岸站南段,1號出入口,301882.52,2778762.4,1.5,5
1386,北投區,K-1唭哩岸站南段,2號出入口,301789.99,2778908.39,1.5,5
1387,北投區,K-1唭哩岸站南段,3號出入口,301856.62,2778744.54,1.5,5
1388,北投區,K-1唭哩岸站南段,4號出入口,301763.55,2778889.45,1.5,5
1389,北投區,K-2唭哩岸站南段,1號出入口,301773.14,2778929.3,1.5,5
1390,北投區,K-2唭哩岸站南段,2號出入口,301693.16,2779050.05,1.5,5
1391,北投區,K-2唭哩岸站南段,3號出入口,301753.21,2778905.56,1.5,5
1392,北投區,K-2唭哩岸站南段,4號出入口,301654.77,2779043.45,1.5,5
1393,北投區,K-3唭哩岸站南段,1號出入口,301630.16,2779114.37,1.5,5
1394,北投區,K-3唭哩岸站南段,2號出入口,301611.17,2779128.56,1.5,5
1395,北投區,K-3唭哩岸站南段,3號出入口,301588.52,2779109.37,1.5,5
1396,北投區,K-4唭哩岸站南段,1號出入口,301589.49,2779139.24,1.5,5
1397,北投區,K-4唭哩岸站南段,2號出入口,301327.91,2779216.8,1.5,5
1398,北投區,K-4唭哩岸站南段,3號出入口,301575.53,2779111.75,1.5,5
1399,北投區,K-4唭哩岸站南段,4號出入口,301318.79,2779195.78,1.5,5
1400,北投區,K-5唭哩岸站南段,1號出入口,301311.13,2779217.81,1.5,5
1401,北投區,K-5唭哩岸站南段,2號出入口,301243.45,2779234.23,1.5,5
1402,北投區,K-5唭哩岸站南段,3號出入口,301234.9,2779204.61,1.5,5
1403,北投區,L-1磺港溪南段,1號出入口,300905.62,2779302.91,1.5,5
1404,北投區,L-1磺港溪南段,2號出入口,300713.9,2779360.29,1.5,5
1405,北投區,L-1磺港溪南段,3號出入口,300900.86,2779273.3,1.5,5
1406,北投區,L-1磺港溪南段,4號出入口,300711.83,2779335.54,1.5,5
1407,北投區,L-2磺港溪南段,1號出入口,300690.31,2779376.35,1.5,5
1408,北投區,L-2磺港溪南段,2號出入口,300590.95,2779547.6,1.5,5
1409,北投區,L-2磺港溪南段,3號出入口,300684.78,2779335.98,1.5,5
